,이름,평점,주소,0
0,얌얌카츠,4.4,서울특별시 강동구 천호옛14길 22,강동구
1,보타이,4.3,서울특별시 강동구 풍성로 90 한스빌딩 1F,강동구
2,이한진숙성회,4.3,서울특별시 강동구 구천면로29길 64,강동구
3,경양미식,4.3,서울특별시 강동구 천호옛14길 23-4,강동구
4,프릭스다이너,4.3,서울특별시 강동구 천호대로159길 53,강동구
5,등갈비달인,4.3,서울특별시 강동구 천호대로158길 25 1F,강동구
6,커피몽타주,4.2,서울특별시 강동구 올림픽로48길 23-12 상지빌딩 1F,강동구
7,진미한우곱창,4.2,서울특별시 강동구 천중로40길 50,강동구
8,데카망 ,4.2,서울특별시 강동구 천호옛14길 35,강동구
9,다람,4.2,서울특별시 강동구 양재대로85길 29 유봉빌딩,강동구
10,우리동네막국수국밥,4.2,서울특별시 강동구 상암로4길 9 1F,강동구
11,영화정해장국,4.2,서울특별시 강동구 천호대로177길 48-18,강동구
12,화진포막국수,4.1,서울특별시 강동구 성내로10길 12,강동구
13,봉래면옥,4.1,서울특별시 강동구 명일로 200-16,강동구
14,성일면옥,4.1,서울특별시 강동구 성내로 38 1F,강동구
15,쭈꾸쭈꾸쭈꾸미,4.1,서울특별시 강동구 천호옛길 98,강동구
16,송월냉면,4.1,서울특별시 강동구 구천면로29길 26,강동구
17,백년화편,4.1,서울특별시 강동구 양재대로81길 18 1F,강동구
18,유미벅스,4.0,서울특별시 강동구 진황도로27길 4,강동구
19,온온,4.0,서울특별시 강동구 성내로18길 34,강동구
20,페더커피,4.0,서울특별시 강동구 진황도로 123 광남캐스빌아파트상가 101호,강동구
21,카페온도,4.0,서울특별시 강동구 양재대로103길 40 101호,강동구
22,모리식당,4.0,서울특별시 강동구 양재대로113길 8,강동구
23,푸지미곱창,4.0,서울특별시 강동구 천호옛14길 23,강동구
24,유경정육식당,4.0,서울특별시 강동구 천중로52길 38,강동구
25,카쿠,3.9,서울특별시 강동구 성안로 45,강동구
26,블랑제리 11 17,3.9,서울특별시 강동구 올림픽로 624,강동구
27,솜솜베이커리,3.9,서울특별시 강동구 암사1가길 37,강동구
28,아키노유키,3.9,서울특별시 강동구 올림픽로70길 50-7,강동구
29,평상시,3.9,서울특별시 강동구 고덕로20길 26 1F,강동구
30,히든브라운,3.9,서울특별시 강동구 성안로9길 50 둘리빌딩 1F 101호,강동구
31,황푸차이나,3.9,서울특별시 강동구 양재대로 1590 1F,강동구
32,프언타이,3.9,서울특별시 광진구 아차산로 431 강변SK뷰 상가3동 B103호,광진구
33,캄포,3.9,서울특별시 강동구 양재대로128길 41 1F,강동구
34,하다식당,3.9,서울특별시 강동구 양재대로124길 29,강동구
35,진이네떡볶이,3.9,서울특별시 강동구 동남로71길 19,강동구
36,반피셋,3.9,서울특별시 강동구 양재대로 1500 105호,강동구
37,똥찌비,3.9,서울특별시 강동구 천호대로159길 25 1F,강동구
38,애크로매틱 커피 컴퍼니,3.9,서울특별시 강동구 성내로14길 37,강동구
39,영춘똥꼬닭발,3.9,서울특별시 강동구 올림픽로62길 38,강동구
40,족발선생,3.9,서울특별시 강동구 올림픽로70길 51-6,강동구
41,외계인커피,3.9,서울특별시 강동구 진황도로47길 67,강동구
42,펠어커피,3.9,서울특별시 강동구 천호옛14길 23-12 1F 102호,강동구
43,피콜로,3.9,서울특별시 강동구 천호대로168가길 51,강동구
44,YUP,3.9,서울특별시 강동구 성안로 22 세현빌딩 1F,강동구
45,아이스베리,3.9,서울특별시 강동구 천호대로157길 17,강동구
46,두리돈까스,3.9,서울특별시 강동구 고덕로 89 2F,강동구
47,간다이,3.9,서울특별시 강동구 성안로 15 동성빌딩 2F,강동구
48,스윗솔트,3.8,서울특별시 강동구 상암로 286,강동구
49,앙상블,3.8,서울특별시 강동구 양재대로147길 5 2F,강동구
50,채스우드커피,3.8,서울특별시 강동구 성안로 42,강동구
51,피에로커피,3.8,서울특별시 강동구 성내로14길 27 1F,강동구
52,풍년상회쪽갈비,3.8,서울특별시 강동구 천호옛14길 23-6,강동구
53,빠네렌토,3.8,서울특별시 강동구 동남로 881,강동구
54,미니회바,3.8,서울특별시 강동구 천호옛길 97,강동구
55,평양만두집,3.8,서울특별시 강동구 성내로 14,강동구
56,미드데이썬,3.8,서울특별시 강동구 양재대로91나길 55,강동구
57,율베이커리,3.8,서울특별시 강동구 양재대로103길 43,강동구
58,피카피오,3.8,서울특별시 강동구 천호대로 1065,강동구
59,천호쭈꾸미,3.8,서울특별시 강동구 천호대로158길 14,강동구
60,마드레,3.8,서울특별시 강동구 동남로 710,강동구
61,브로일링커피컴퍼니,3.8,서울특별시 강동구 성내로10길 9-6 1F,강동구
62,미분당,3.8,서울특별시 강동구 양재대로112길 13 103호,강동구
63,분더버거,3.7,서울특별시 강동구 천호대로168가길 57,강동구
64,통로,3.7,서울특별시 강동구 강동대로55길 25,강동구
65,에이컷스테이크,3.7,서울특별시 강동구 강동대로 187 파크비유캐슬 2F,강동구
66,갓잇,3.7,서울특별시 강동구 성안로 14,강동구
67,셀프하우스,3.7,서울특별시 강동구 올림픽로 572,강동구
68,명일원조닭발,3.7,서울특별시 강동구 상암로47길 86,강동구
69,스테이지28,3.6,서울특별시 강동구 아리수로61길 105,강동구
70,풀팬,3.6,서울특별시 강동구 올림픽로 660 엘쿠르상가 104호,강동구
71,파트원나이스,3.6,서울특별시 강동구 올림픽로89길 29,강동구
72,강동호치민,3.6,서울특별시 강동구 천호대로 1089 복합시설동 비47호 강동헤르셔,강동구
73,인정원월남쌈,3.6,서울특별시 강동구 천호대로 1158,강동구
74,멘야세븐,3.5,서울특별시 강동구 양재대로112길 45,강동구
75,모범떡볶이 1976,3.5,서울특별시 강동구 진황도로 85,강동구
76,부리나케,3.5,서울특별시 강동구 풍성로 100,강동구
77,독도쭈꾸미,3.5,서울특별시 강동구 천호대로158길 10,강동구
78,하이몬드,3.5,서울특별시 강동구 천호옛14길 11 1-2F,강동구
79,송하정스시,3.4,서울특별시 강동구 상일로 39-8,강동구
80,유타로,3.4,서울특별시 강동구 올림픽로70길 56-6,강동구
81,연풍민락,3.4,서울특별시 강동구 천호대로157길 18 2F,강동구
82,바이재재,3.3,서울특별시 강동구 풍성로53길 27 1F,강동구
83,차이나린찐,3.3,서울특별시 강동구 강동대로 223 인텍스파크뷰 1F,강동구
84,배나무집,3.3,서울특별시 강동구 동남로 585,강동구
85,오픈키친어경재,3.3,서울특별시 강동구 천호대로 1162 세양청마루 아파트 상가 104호,강동구
86,해중천반점,3.3,서울특별시 강동구 천호옛길 84,강동구
87,초밥의신 부타,3.2,서울특별시 강동구 천호대로155길 11,강동구
88,스시마에,최신 버전 앱,서울특별시 강동구 성내로 40 동흔빌딩 1F,강동구
89,곱사모,최신 버전 앱,서울특별시 강동구 양재대로102길 32,강동구
90,모뉴먼트커피,최신 버전 앱,서울특별시 강동구 올림픽로62길 5 1F,강동구
91,평냉집,최신 버전 앱,서울특별시 강동구 천호대로219길 76,강동구
92,와줘서고마워요,최신 버전 앱,서울특별시 강동구 고덕로 133 롯데캐슬퍼스트상가 320-1호,강동구
93,스시미진,최신 버전 앱,서울특별시 강동구 고덕로 385 그라시움4상가 2F 212호,강동구
94,마카롱걸,최신 버전 앱,서울특별시 강동구 양재대로81길 8,강동구
95,바다생협,최신 버전 앱,서울특별시 강동구 천호대로 1078 씨제이나파트 1F 105호,강동구
96,브리에,최신 버전 앱,서울특별시 강동구 강동대로51길 50,강동구
97,콩플레,                              4.4                            ,서울특별시 강동구 동남로83길 67,강동구
98,하에레츠,최신 버전 앱,서울특별시 강동구 암사길 27,강동구
99,팔선생,최신 버전 앱,서울특별시 강동구 성내로8길 9-19,강동구
100,오븐베이크,최신 버전 앱,서울특별시 강동구 고덕로10길 43-3 1F,강동구
101,카페메종드한,최신 버전 앱,서울특별시 강동구 강동대로 177,강동구
102,요거트빌리지,최신 버전 앱,서울특별시 강동구 구천면로 436  1F,강동구
103,제주아줌마집,최신 버전 앱,서울특별시 강동구 풍성로58길 34,강동구
104,랍스타킹,최신 버전 앱,서울특별시 강동구 고덕로25길 13-19 1F,강동구
105,로겐하임,                              4.4                            ,서울특별시 강동구 동남로71길 32 환타지아빌딩 1F,강동구
106,해왕조개전문,최신 버전 앱,서울특별시 강동구 풍성로56길 39 1F 113-114호,강동구
107,카페제이,최신 버전 앱,서울특별시 강동구 동남로82길 19,강동구
108,시찌린,최신 버전 앱,서울특별시 강동구 동남로 877 환화오벨리스크,강동구
109,사바사바치킨&비어,최신 버전 앱,서울특별시 강동구 올림픽로100길 6,강동구
110,8번가,                              4.4                            ,서울특별시 강동구 천호대로157길 18 원방빌딩,강동구
111,느린토끼,                              4.0                            ,서울특별시 강동구 천호대로168가길 29,강동구
112,애월집,최신 버전 앱,서울특별시 강동구 고덕로10길 50,강동구
113,베프상회,최신 버전 앱,서울특별시 강동구 천중로40길 71,강동구
114,숟가락반상 마실,최신 버전 앱,서울특별시 강동구 동남로73길 31 한국4H회관 2F,강동구
115,커피방,최신 버전 앱,서울특별시 강동구 천호대로168나길 3,강동구
116,카페수요일,                              4.6                            ,서울특별시 강동구 동남로 891 현대델리안 202호,강동구
117,요인요아웃,최신 버전 앱,서울특별시 강동구 상일로5길 8-7 1F,강동구
118,마데린커피,최신 버전 앱,서울특별시 강동구 올림픽로 654-15 1F,강동구
119,스시혼,최신 버전 앱,서울특별시 강동구 구천면로 424,강동구
120,고덕커피,최신 버전 앱,서울특별시 강동구 구천면로 640 A-105,강동구
121,커피볶는아침,최신 버전 앱,서울특별시 강동구 성안로 163,강동구
122,엄마손만두,최신 버전 앱,서울특별시 강동구 올림픽로 683,강동구
123,카페틸리,최신 버전 앱,서울특별시 강동구 천호옛12길 15 1F,강동구
124,꾸러기분식,최신 버전 앱,서울특별시 강동구 구천면로 389-1,강동구
125,커피 코너칼럼,최신 버전 앱,서울특별시 강동구 양재대로89길 80 1F,강동구
126,스타시티,최신 버전 앱,서울특별시 강동구 구천면로 140,강동구
127,파우치커피,최신 버전 앱,서울특별시 강동구 성내로14길 41 1F,강동구
128,미래로가자,최신 버전 앱,서울특별시 강동구 구천면로42길 47 1F,강동구
129,시오미스시,최신 버전 앱,서울특별시 강동구 고덕로25길 12,강동구
130,요다래,                              4.7                            ,서울특별시 강동구 성안로3길 96,강동구
131,씨푸드박스,                              4.3                            ,서울특별시 강동구 구천면로 149 호성빌딩,강동구
132,라라브레드,최신 버전 앱,서울특별시 강동구 양재대로116길 13,강동구
133,채선당,최신 버전 앱,서울특별시 강동구 강동대로 143-22,강동구
134,나비소녀,최신 버전 앱,서울특별시 강동구 고덕로25길 12-7,강동구
135,분홍다이닝,최신 버전 앱,서울특별시 강동구 천호대로157길 18 원방빌딩 1F,강동구
136,등촌샤브칼국수,최신 버전 앱,서울특별시 강동구 암사길 111,강동구
137,디어마이요거트,최신 버전 앱,서울특별시 강동구 성안로 37,강동구
138,와이낫떡볶이,최신 버전 앱,서울특별시 강동구 양재대로102길 52 ,강동구
139,라베이크,최신 버전 앱,서울특별시 강동구 고덕로 240,강동구
140,팬스테이크키친,최신 버전 앱,서울특별시 강동구 천호대로 1005 현대백화점 B2,강동구
141,유가네닭갈비,최신 버전 앱,서울특별시 강동구 천호대로157길 31,강동구
142,Cafe Asher,                              4.3                            ,서울특별시 강동구 강동대로53길 35,강동구
143,빈터커피로스터스,최신 버전 앱,서울특별시 강동구 양재대로115길 10 101호,강동구
144,긴자,최신 버전 앱,서울특별시 강동구 강동대로 223,강동구
145,엔메르,최신 버전 앱,서울특별시 강동구 구천면로 414,강동구
146,바리스타곰,최신 버전 앱,서울특별시 강동구 상일로5길 11,강동구
147,메콩타이,최신 버전 앱,서울특별시 강동구 동남로 891 현대데일리안,강동구
148,타쿠미,최신 버전 앱,서울특별시 강동구 양재대로 1339,강동구
149,꼼떼,최신 버전 앱,서울특별시 강동구 동남로51길 9,강동구
150,김여사네국수,최신 버전 앱,서울특별시 강동구 천호대로162길 19,강동구
151,주문진,최신 버전 앱,서울특별시 강동구 성안로3길 27,강동구
152,DE1993 쥬얼리카페,최신 버전 앱,서울특별시 강동구 고덕로19길 8 DE1993빌딩,강동구
153,생어거스틴,최신 버전 앱,서울특별시 강동구 강동대로 143-64 태창타워 1F,강동구
154,원조쌈밥집,최신 버전 앱,서울특별시 강동구 고덕로38길 63,강동구
155,스시모루,최신 버전 앱,서울특별시 강동구 천호대로 1089 신동아파밀리에 B1,강동구
156,원조숯불쭈꾸미,최신 버전 앱,서울특별시 강동구 양재대로145길 12,강동구
157,암사민물장어,최신 버전 앱,서울특별시 강동구 고덕로 33,강동구
158,한신포차,최신 버전 앱,서울특별시 강동구 천호대로157길 37,강동구
159,최냉면,최신 버전 앱,서울특별시 강동구 천호옛8길 34,강동구
160,양철북,최신 버전 앱,서울특별시 강동구 성내로 62,강동구
161,키읔피읖,최신 버전 앱,서울특별시 강동구 진황도로 6,강동구
162,봉추찜닭,최신 버전 앱,서울특별시 강동구 천호대로157길 23 2F,강동구
163,으뜸횟집,최신 버전 앱,서울특별시 강동구 양재대로123길 16,강동구
164,진도아리랑,                              4.6                            ,서울특별시 강동구 양재대로110길 7,강동구
165,인베니오,최신 버전 앱,서울특별시 강동구 암사1가길 37 1F,강동구
166,근초밥,최신 버전 앱,서울특별시 강동구 올림픽로 538,강동구
167,솔리,최신 버전 앱,서울특별시 강동구 진황도로 4-5,강동구
168,스시꽃피다,최신 버전 앱,서울특별시 강동구 성안로3길 120,강동구
169,코코플랑,최신 버전 앱,서울특별시 강동구 천호대로 1089 B1 B12호,강동구
170,펀비어킹,최신 버전 앱,서울특별시 강동구 천호옛길 81-1,강동구
171,깐부치킨,최신 버전 앱,서울특별시 강동구 동남로73길 31,강동구
172,고급아바이순대,최신 버전 앱,서울특별시 강동구 진황도로 127,강동구
173,천호977,최신 버전 앱,서울특별시 강동구 천호대로 977 1F,강동구
174,살롱뒤파크,최신 버전 앱,서울특별시 강동구 양재대로89가길 62,강동구
175,짝꿍제과,최신 버전 앱,서울특별시 강동구 성내로15길 53 1F,강동구
176,보성갈비,최신 버전 앱,서울특별시 강동구 양재대로89가길 14,강동구
177,참토우,최신 버전 앱,서울특별시 강동구 초광로294번길 70-9,강동구
178,국민떡볶이,최신 버전 앱,서울특별시 강동구 양재대로89가길 68 1F,강동구
179,더식당,최신 버전 앱,서울특별시 강동구 천호대로157길 24,강동구
180,철원족발,최신 버전 앱,서울특별시 강동구 올림픽로 697,강동구
181,유유자적,최신 버전 앱,서울특별시 강동구 천호대로168가길 52,강동구
182,한방누룽지통닭,최신 버전 앱,서울특별시 강동구 양재대로 1638 상일빌딩,강동구
183,선남 sea,최신 버전 앱,서울특별시 강동구 상암로 26 선사타워빌딩 1F,강동구
184,프롬투커피,최신 버전 앱,서울특별시 강동구 천중로51길 74,강동구
185,샬롬커피,최신 버전 앱,서울특별시 강동구 양재대로134길 29,강동구
186,덕구네복돈이,최신 버전 앱,서울특별시 강동구 동남로81길 14,강동구
187,안남미가,최신 버전 앱,서울특별시 강동구 양재대로89가길 66,강동구
188,크레이빙커피,최신 버전 앱,서울특별시 강동구 명일로 193 1F,강동구
189,대패상회,최신 버전 앱,서울특별시 강동구 올림픽로62길 22 1F,강동구
190,봉트랩,최신 버전 앱,서울특별시 강동구 구천면로 458 현대아파트,강동구
191,길위의 파스타,최신 버전 앱,서울특별시 강동구 강동대로51길 36,강동구
192,고기감성,최신 버전 앱,서울특별시 강동구 천호대로159길 45 1F,강동구
193,스타벅스,최신 버전 앱,서울특별시 강동구 성내로 32,강동구
194,한신포차,최신 버전 앱,서울특별시 강동구 진황도로 93,강동구
195,한왕스1980,최신 버전 앱,서울특별시 강동구 올림픽로 737 1F,강동구
196,우정초밥,4.6,서울특별시 성북구 종암로3길 31 1F,성북구
197,카레,4.5,서울특별시 성북구 성북로 62-1,성북구
198,공푸,4.5,서울특별시 성북구 삼선교로24길 29,성북구
199,모짜,4.5,서울특별시 성북구 성북로 102,성북구
200,임금님자장면,4.5,서울특별시 성북구 보국문로 91,성북구
201,도이칠란드 박,4.5,서울특별시 성북구 솔샘로6길 30-15 1F,성북구
202,애정마라샹궈,4.4,서울특별시 성북구 동소문로24길 23 2F,성북구
203,바람난오리궁뎅이,4.4,서울특별시 성북구 보국문로29길 15,성북구
204,고른햇살,4.3,서울특별시 성북구 개운사길 27,성북구
205,팔백집,4.3,서울특별시 성북구 보문로30길 46,성북구
206,영순관,4.3,서울특별시 성북구 지봉로24길 19,성북구
207,참나무닭나라,4.3,서울특별시 성북구 성북로 46,성북구
208,계모임,4.3,서울특별시 성북구 보문로30라길 5-10 1F,성북구
209,달밝은집,4.3,서울특별시 성북구 정릉로6길 35 ,성북구
210,성북동메밀수제비누룽지백숙,4.2,서울특별시 성북구 성북로31길 9,성북구
211,성북동집,4.2,서울특별시 성북구 성북로 144,성북구
212,수아당,4.2,서울특별시 성북구 동소문로20가길 33 1F,성북구
213,오스테리아치티,4.2,서울특별시 성북구 성북로5길 12 101호,성북구
214,제주고깃집,4.2,서울특별시 성북구 안암로 69,성북구
215,살살솔트앤샐러드,4.2,서울특별시 성북구 성북로6길 20 1F,성북구
216,토로생선구이,4.2,서울특별시 성북구 고려대로28길 14-1,성북구
217,버거파크,4.1,서울특별시 성북구 동소문로22길 56-1,성북구
218,스시 오오시마,4.1,서울특별시 성북구 성북로 74,성북구
219,청수장,4.1,서울특별시 성북구 정릉로 237-2,성북구
220,동우설렁탕,4.1,서울특별시 성북구 개운사길 45,성북구
221,병과점임오반,4.1,서울특별시 성북구 동소문로17길 27 102호,성북구
222,김통,4.1,서울특별시 성북구 동소문로23길 12,성북구
223,한상차림밥상,4.1,서울특별시 성북구 고려대로8길 35 1F,성북구
224,샤뽀블랑,4.1,서울특별시 성북구 성북로 60,성북구
225,스프레드,4.1,서울특별시 성북구 성북로6가길 1 1F,성북구
226,샌드위치하우스,4.1,서울특별시 성북구 보문로34가길 2,성북구
227,모소리,4.1,서울특별시 성북구 삼양로 13,성북구
228,오버스토리,4.1,서울특별시 성북구 선잠로2다길 13-13 B1,성북구
229,디프커피,4.1,서울특별시 성북구 동소문로26가길 56,성북구
230,명문막국수,4.1,서울특별시 성북구 창경궁로 319,성북구
231,비나케이크,4.1,서울특별시 성북구 보문로30길 12 101호,성북구
232,일흥콩나물해장국,4.1,서울특별시 성북구 인촌로5길 79,성북구
233,정가네지짐이,4.1,서울특별시 성북구 아리랑로19길 20,성북구
234,동선식당,4.1,서울특별시 성북구 보문로30라길 9,성북구
235,바테일러,4.1,서울특별시 성북구 아리랑로2길 23,성북구
236,디어브레드,4.0,서울특별시 성북구 개운사1길 29,성북구
237,라라면가,4.0,서울특별시 성북구 동소문로22길 57-25,성북구
238,제뉴어리피크닉,4.0,서울특별시 성북구 창경궁로43길 26,성북구
239,히포크라테스 스프,4.0,서울특별시 성북구 고려대로28길 12-3,성북구
240,봉화묵집,4.0,서울특별시 성북구 아리랑로19길 46-2,성북구
241,일상,4.0,서울특별시 성북구 성북로 106,성북구
242,안선생주가,4.0,서울특별시 성북구 동소문로20다길 14 2F,성북구
243,할매숯불닭갈비,4.0,서울특별시 성북구 동소문로20길 37-5,성북구
244,백두산양꼬치구이,4.0,서울특별시 성북구 동소문로20다길 24,성북구
245,루틴,4.0,서울특별시 성북구 보문로34가길 6 1F,성북구
246,사랑마라탕,4.0,서울특별시 성북구 개운사길 21-3,성북구
247,이공김밥,4.0,서울특별시 성북구 안암로 61-6,성북구
248,바스크,4.0,서울특별시 성북구 삼양로9길 10-2,성북구
249,보배반점,4.0,서울특별시 성북구 보문로34길 39 백옥빌딩,성북구
250,우리할매떡볶이,4.0,서울특별시 성북구 보문로30길 82,성북구
251,카페애일 ,4.0,서울특별시 성북구 개운사길 66 1F,성북구
252,그릭데이,4.0,서울특별시 성북구 고려대로24길 45 1F,성북구
253,팔백집,4.0,서울특별시 성북구 고려대로27길 3,성북구
254,블랑제메종북악,3.9,서울특별시 성북구 성북로 156,성북구
255,성북동면옥집,3.9,서울특별시 성북구 대사관로 40,성북구
256,너의냠냠버거,3.9,서울특별시 성북구 성북로7길 4,성북구
257,안동반점,3.9,서울특별시 성북구 고려대로1길 35-1,성북구
258,오샬,3.9,서울특별시 성북구 인촌로24길 6 문원빌딩 3F,성북구
259,국시집,3.9,서울특별시 성북구 창경궁로43길 9,성북구
260,샐러드프린세스,3.9,서울특별시 성북구 화랑로13길 42,성북구
261,해로커피,3.9,서울특별시 성북구 성북로 19-3,성북구
262,야마토텐동,3.9,서울특별시 성북구 고려대로28길 2,성북구
263,모블러,3.9,서울특별시 성북구 동소문로26다길 26 1F,성북구
264,리이케,3.9,서울특별시 성북구 보문로34가길 24,성북구
265,우주제빵소,3.9,서울특별시 성북구 성북로28길 13,성북구
266,어흥식당,3.9,서울특별시 성북구 고려대로27길 40,성북구
267,카페그레도,3.9,서울특별시 성북구 화랑로 304 1F,성북구
268,폴드커피,3.9,서울특별시 성북구 종암로 214-3,성북구
269,청춘예찬,3.9,서울특별시 성북구 동소문로20길 29-14,성북구
270,카페58.4,3.9,서울특별시 성북구 성북로16길 4-13,성북구
271,58도씨,3.9,서울특별시 성북구 인촌로26길 42-2,성북구
272,포테이토101,3.9,서울특별시 성북구 동소문로22길 39-5,성북구
273,본크레페,3.9,서울특별시 성북구 동소문로20다길 30,성북구
274,와플앨리,3.9,서울특별시 성북구 보문로34길 68-3,성북구
275,밀곳간,3.9,서울특별시 성북구 성북로18길 19,성북구
276,돈암순대,3.9,서울특별시 성북구 동소문로18길 12-3,성북구
277,달콤한위로,3.9,서울특별시 성북구 창경궁로43길 24,성북구
278,밀월,3.9,서울특별시 성북구 동소문로13가길 71,성북구
279,일미옥,3.9,서울특별시 성북구 개운사길 22-6 B1,성북구
280,이세돈가스,3.9,서울특별시 성북구 개운사길 32,성북구
281,유목커피바,3.9,서울특별시 성북구 동소문로24길 47 2F,성북구
282,와플앨리,3.9,서울특별시 성북구 인촌로28길 21,성북구
283,슬로우브레드파파,3.9,서울특별시 성북구 보문로30나길 29,성북구
284,그릭데이,3.9,서울특별시 성북구 보문로34길 66,성북구
285,북경양꼬치,3.9,서울특별시 성북구 인촌로24길 3-36 1F,성북구
286,커피수공업,3.9,서울특별시 성북구 고려대로 51,성북구
287,호랑이김밥,3.9,서울특별시 성북구 성북로 18,성북구
288,데일리트로피칼,3.9,서울특별시 성북구 인촌로24길 39,성북구
289,버블티킹,3.9,서울특별시 성북구 고려대로 88,성북구
290,수연산방,3.8,서울특별시 성북구 성북로26길 8,성북구
291,로스디아스,3.8,서울특별시 성북구 동소문로22길 67 2F,성북구
292,제순식당,3.8,서울특별시 성북구 동소문로20다길 30-9,성북구
293,꽌부이,3.8,서울특별시 성북구 인촌로27길 28,성북구
294,메종드루즈,3.8,서울특별시 성북구 보문로34길 68-5 1F,성북구
295,송림원,3.8,서울특별시 성북구 동소문로 25-2,성북구
296,태조감자국,3.8,서울특별시 성북구 보문로34길 43 세학빌딩,성북구
297,창신동매운족발,3.8,서울특별시 성북구 한천로78길 57,성북구
298,커피스토어,3.8,서울특별시 성북구 안암로5길 72,성북구
299,라이라이라이,3.8,서울특별시 성북구 보문로34길 76,성북구
300,마몽함박,3.8,서울특별시 성북구 보국문로 92 1F,성북구
301,문화식당,3.8,서울특별시 성북구 혜화로 88 2F,성북구
302,더허브,3.8,서울특별시 성북구 인촌로24가길 8,성북구
303,미스터국밥,3.8,서울특별시 성북구 고려대로 102,성북구
304,더베리와플,3.8,서울특별시 성북구 개운사길 22-5,성북구
305,마온,3.8,서울특별시 성북구 보문로21길 34 1F,성북구
306,프로마치,3.7,서울특별시 성북구 인촌로24가길 13,성북구
307,알렉스더커피,3.7,서울특별시 성북구 성북로28길 9,성북구
308,나폴레옹과자점,3.7,서울특별시 성북구 성북로 7,성북구
309,쓰리로보스,3.7,서울특별시 성북구 동소문로20다길 25,성북구
310,용초수,3.7,서울특별시 성북구 인촌로27길 20,성북구
311,성북동돼지갈비집,3.7,서울특별시 성북구 성북로 115,성북구
312,포도집,3.7,서울특별시 성북구 정릉로32길 4 1F,성북구
313,카페 원오프,3.7,서울특별시 성북구 동소문로22길 57-4 2F,성북구
314,더홈서울,3.7,서울특별시 성북구 인촌로1길 87,성북구
315,아뜰리에에마미,3.7,서울특별시 성북구 보문로34나길 4,성북구
316,마이란,3.7,서울특별시 성북구 동소문로22길 33-9 1F,성북구
317,삼통치킨,3.7,서울특별시 성북구 인촌로24길 60,성북구
318,성북동 이안,3.7,서울특별시 성북구 성북로5길 29-19 1F,성북구
319,구포국수,3.7,서울특별시 성북구 성북로 52-1,성북구
320,소담,3.7,서울특별시 성북구 지봉로24길 31,성북구
321,마이버터드림 (휴업중),3.7,서울특별시 성북구 고려대로 43,성북구
322,애정훠궈,3.7,서울특별시 성북구 동소문로20나길 32 2F,성북구
323,밥짓고티우림,3.7,서울특별시 성북구 성북로2길 15,성북구
324,정상호프,3.7,서울특별시 성북구 개운사길 2,성북구
325,핸썸베이글,3.7,서울특별시 성북구 개운사1길 23,성북구
326,황준호베이커리,3.7,서울특별시 성북구 고려대로 86,성북구
327,한잔의추억,3.7,서울특별시 성북구 인촌로26길 30,성북구
328,돈까스하우스,3.7,서울특별시 성북구 고려대로27길 15 2F,성북구
329,조비스그릴,3.7,서울특별시 성북구 성북로 110,성북구
330,천막집,3.7,서울특별시 성북구 보문로30길 31 1F,성북구
331,윤휘식당,3.6,서울특별시 성북구 보문로34길 70,성북구
332,가부,3.6,서울특별시 성북구 보문로 182 1F,성북구
333,어스핸드위치,3.6,서울특별시 성북구 동소문로22길 60 2F,성북구
334,투고샐러드,3.6,서울특별시 성북구 보문로30나길 36,성북구
335,몰리고몰리다,3.6,서울특별시 성북구 동소문로6길 4-10,성북구
336,언니네반점,3.6,서울특별시 성북구 인촌로27길 42,성북구
337,쌍다리돼지불백,3.6,서울특별시 성북구 성북로23길 4,성북구
338,소테,3.6,서울특별시 성북구 보문로30길 77,성북구
339,마이셰프,3.6,서울특별시 성북구 인촌로24가길 14-1,성북구
340,매스플레이트,3.6,서울특별시 성북구 개운사길 18 2F,성북구
341,모이리타,3.6,서울특별시 성북구 인촌로24길 20 2F,성북구
342,기차순대국,3.6,서울특별시 성북구 보국문로11길 18-6,성북구
343,공복식당,3.6,서울특별시 성북구 장월로1길 60,성북구
344,치즈를사랑한찜닭,3.6,서울특별시 성북구 개운사길 21-3 2F,성북구
345,테이블담소,3.6,서울특별시 성북구 보문로34길 68-2,성북구
346,427월곡닭갈비,3.6,서울특별시 성북구 화랑로 170,성북구
347,유자유김치떡볶이,3.5,서울특별시 성북구 인촌로24길 47,성북구
348,김태완의 초밥좋은날,3.5,서울특별시 성북구 동소문로20길 32,성북구
349,놈,3.5,서울특별시 성북구 보문로30길 81,성북구
350,옛날중국집,3.5,서울특별시 성북구 성북로8길 8,성북구
351,로맨틱식탁,3.5,서울특별시 성북구 보문로34길 45,성북구
352,정만,3.5,서울특별시 성북구 개운사길 56,성북구
353,미아리우동집,3.5,서울특별시 성북구 종암로 178,성북구
354,석관시장떡볶이,3.5,서울특별시 성북구 돌곶이로18길 27-9,성북구
355,쵸이양식,3.5,서울특별시 성북구 동소문로20나길 24 2F,성북구
356,서울쌈냉면,3.5,서울특별시 성북구 개운사길 21-4,성북구
357,문화식당,3.4,서울특별시 성북구 보문로30나길 37,성북구
358,하단,3.4,서울특별시 성북구 성북로6길 14,성북구
359,무르무르드구스토,3.4,서울특별시 성북구 고려대로 102-2 4F,성북구
360,오박사네왕돈가스,3.4,서울특별시 성북구 혜화로 80,성북구
361,카페 까쉬,3.4,서울특별시 성북구 보문로34길 72-5,성북구
362,베나레스,3.4,서울특별시 성북구 인촌로24길 27,성북구
363,갱상도갱양식,3.4,서울특별시 성북구 보문로34길 68-6,성북구
364,포앤시드니,3.4,서울특별시 성북구 보문로34길 77 201호,성북구
365,쿠이도라쿠라멘,3.4,서울특별시 성북구 안암로 103,성북구
366,네임드에스프레소,3.4,서울특별시 성북구 성북로6길 2-2,성북구
367,오후홍콩,3.4,서울특별시 성북구 동소문로24가길 16,성북구
368,도쿄커틀릿,3.4,서울특별시 성북구 동소문로22길 57-1,성북구
369,피알디,3.4,서울특별시 성북구 동소문로25길 9 휴림빌딩 1F,성북구
370,마늘과올리브,3.4,서울특별시 성북구 동소문로22길 29 2F,성북구
371,이름없는파스타,3.4,서울특별시 성북구 동소문로20다길 33,성북구
372,성북동디너쑈,3.3,서울특별시 성북구 창경궁로43길 6,성북구
373,금왕돈까스,3.3,서울특별시 성북구 성북로 138,성북구
374,등촌샤브칼국수,3.3,서울특별시 성북구 개운사길 11,성북구
375,백소정,3.3,서울특별시 성북구 개운사길 30 2F,성북구
376,벤베누토,3.2,서울특별시 성북구 동소문로20나길 39,성북구
377,스시산,3.2,서울특별시 성북구 성북로 19,성북구
378,모던바이츠,3.2,서울특별시 성북구 보문로32길 69 마곡헤리움1차 118호,성북구
379,나카노라멘,3.2,서울특별시 성북구 동소문로24길 27,성북구
380,상미규카츠,3.2,서울특별시 성북구 동소문로20길 39,성북구
381,온달왕돈까스,3.1,서울특별시 성북구 동소문로20가길 4,성북구
382,옥두헌손두부가,2.9,서울특별시 성북구 개운사길 18,성북구
383,봉파레트,최신 버전 앱,서울특별시 성북구 성북로 57-1,성북구
384,이립스,                              4.6                            ,서울특별시 성북구 인촌로7길 84-7,성북구
385,소마,최신 버전 앱,서울특별시 성북구 성북로 89-1 1F,성북구
386,동병상련,                              4.7                            ,서울특별시 성북구 정릉로10길 42-6,성북구
387,카페잇,최신 버전 앱,서울특별시 성북구 장월로1길 66,성북구
388,숙수도가,최신 버전 앱,서울특별시 성북구 동소문로17길 28,성북구
389,프로젝트얼스,                              4.5                            ,서울특별시 성북구 성북로15길 21,성북구
390,Red불닭발,최신 버전 앱,서울특별시 성북구 한천로76다길 35 1F,성북구
391,양다리걸쳤네,4.4,서울특별시 강북구 노해로8길 16 우암센스뷰 101호,강북구
392,장수마늘보쌈,4.3,서울특별시 강북구 덕릉로 192,강북구
393,삼덕식당,4.2,서울특별시 강북구 월계로7나길 29,강북구
394,동네함박,4.1,서울특별시 강북구 도봉로15길 11 2F,강북구
395,다정도병인양,4.1,서울특별시 강북구 4.19로 41-1,강북구
396,김밥은,4.1,서울특별시 강북구 한천로 1016,강북구
397,엘림들깨칼국수,4.0,서울특별시 강북구 삼각산로 67,강북구
398,1996 하산바바,4.0,서울특별시 강북구 덕릉로 193 1F,강북구
399,플레이버,4.0,서울특별시 강북구 덕릉로41길 100,강북구
400,옛곰탕집,4.0,서울특별시 강북구 도봉로71가길 4,강북구
401,대중만두,4.0,서울특별시 강북구 도봉로10나길 9,강북구
402,다래함박스텍,4.0,서울특별시 강북구 수유로 20-2,강북구
403,벼랑순대국,4.0,서울특별시 강북구 한천로 924,강북구
404,어니언,3.9,서울특별시 강북구 솔매로50길 55,강북구
405,미즐카페엠,3.9,서울특별시 강북구 4.19로 107,강북구
406,카페 산아래,3.9,서울특별시 강북구 삼양로181길 56,강북구
407,여러분평양냉면,3.9,서울특별시 강북구 한천로 1074 1F 7호,강북구
408,제이제곱,3.9,서울특별시 강북구 도봉로10나길 17,강북구
409,만두향,3.9,서울특별시 강북구 한천로123길 61,강북구
410,유키가후루,3.8,서울특별시 강북구 한천로 1178,강북구
411,춘천막국수,3.8,서울특별시 강북구 삼양로141길 4-4,강북구
412,칠복상회,3.7,서울특별시 한천로139가길 15 1F,한천로
413,히피스베이글,3.7,서울특별시 강북구 삼양로 528,강북구
414,무너미,3.7,서울특별시 강북구 노해로8가길 40,강북구
415,일미집,3.7,서울특별시 강북구 숭인로 65-3,강북구
416,원조할매곱창,3.7,서울특별시 강북구 월계로3길 68,강북구
417,수유리조트,3.7,서울특별시 강북구 노해로8가길 45,강북구
418,대보명가,3.6,서울특별시 강북구 4.19로 69,강북구
419,헤비앤라이트,3.6,서울특별시 강북구 한천로143길 7 1F,강북구
420,귀품찬,3.6,서울특별시 강북구 도봉로 313,강북구
421,왕의장어,3.5,서울특별시 강북구 삼양로181길 141-5,강북구
422,황주집,3.4,서울특별시 강북구 도봉로 372,강북구
423,키쉬미뇽,3.3,서울특별시 강북구 도봉로10길 12,강북구
424,상미규카츠,3.3,서울특별시 강북구 도봉로87길 32,강북구
425,제일분식,2.7,서울특별시 강북구 도봉로 45,강북구
426,와라이,최신 버전 앱,서울특별시 강북구 도봉로10나길 9-4 1F,강북구
427,천회초밥,최신 버전 앱,서울특별시 강북구 노해로 69 대성빌딩,강북구
428,모카향기,최신 버전 앱,서울특별시 강북구 인수봉로 157,강북구
429,실비집,최신 버전 앱,서울특별시 강북구 한천로 1020,강북구
430,파조쿠치나,                              4.3                            ,서울특별시 강북구 인수봉로 239 삼각산드림빌,강북구
431,더달다,최신 버전 앱,서울특별시 강북구 4.19로21길 18,강북구
432,카페블루라운지,최신 버전 앱,서울특별시 강북구 솔샘로 184,강북구
433,노르웨이안 우드,                              4.6                            ,서울특별시 강북구 인수봉로 314,강북구
434,카페인,최신 버전 앱,서울특별시 강북구 4 19로 84-1,강북구
435,돈킴,최신 버전 앱,서울특별시 강북구 도봉로27길 5,강북구
436,미스터쭈꾸미와동태세상,최신 버전 앱,서울특별시 강북구 4.19로 15,강북구
437,상미식당,최신 버전 앱,서울특별시 강북구 수유로 82,강북구
438,쿄우,최신 버전 앱,서울특별시 강북구 오패산로 389,강북구
439,주대국초밥집,최신 버전 앱,서울특별시 강북구 솔샘로48길 4,강북구
440,북한산 인수재,                              4.5                            ,서울특별시 강북구 수유동 산 17-1,강북구
441,송연95닭갈비,최신 버전 앱,서울특별시 강북구 도봉로8길 62,강북구
442,삼양여관,최신 버전 앱,서울특별시 강북구 덕릉로8길 6,강북구
443,미구소,최신 버전 앱,서울특별시 강북구 솔매로50길 27 1F,강북구
444,스시도리,최신 버전 앱,서울특별시 강북구 한천로139길 29,강북구
445,마시미트,최신 버전 앱,서울특별시 강북구 숭인로 65-12,강북구
446,쉐프쿠스토,최신 버전 앱,서울특별시 강북구 한천로132길 22 1F,강북구
447,카페라티스,최신 버전 앱,서울특별시 강북구 삼양로141길 4-10,강북구
448,솔향스시,최신 버전 앱,서울특별시 강북구 솔샘로 244,강북구
449,맨덜리,최신 버전 앱,서울특별시 강북구 수유로 18,강북구
450,썬데이스낵,최신 버전 앱,서울특별시 강북구 도봉로10길 54 남상빌딩 1F,강북구
451,양승진커피,최신 버전 앱,서울특별시 강북구 한천로129길 18 1F,강북구
452,미트포레,최신 버전 앱,서울특별시 강북구 인수봉로 278 1F,강북구
453,통영산꼼장어,최신 버전 앱,서울특별시 강북구 덕릉로 93-10,강북구
454,유메초밥,최신 버전 앱,서울특별시 강북구 노해로 39,강북구
455,크래미김밥우동집,최신 버전 앱,서울특별시 강북구 노해로 117,강북구
456,곰보냉면,최신 버전 앱,서울특별시 강북구 노해로33길 64,강북구
457,카페로니,최신 버전 앱,서울특별시 강북구 도봉로50길 12,강북구
458,정스시,최신 버전 앱,서울특별시 강북구 한천로 1039,강북구
459,황성,최신 버전 앱,서울특별시 강북구 4.19로 55,강북구
460,쿠시,최신 버전 앱,서울특별시 강북구 노해로8길 9-20,강북구
461,한끼만두,최신 버전 앱,서울특별시 강북구 도봉로71길 17,강북구
462,민박컾,최신 버전 앱,서울특별시 강북구 노해로14길 24,강북구
463,카페뜻밖,최신 버전 앱,서울특별시 강북구 인수봉로 166,강북구
464,예와손만두,                              4.6                            ,서울특별시 강북구 4.19로 40-8,강북구
465,블랙다운커피,최신 버전 앱,서울특별시 강북구 삼양로 528-1 1F,강북구
466,아카렌,최신 버전 앱,서울특별시 강북구 한천로139가길 26,강북구
467,왕빈자삼파전,최신 버전 앱,서울특별시 강북구 도봉로8길 25,강북구
468,경계선,최신 버전 앱,서울특별시 강북구 삼각산로 22-7,강북구
469,모모술방,최신 버전 앱,서울특별시 강북구 한천로140길 11-5,강북구
470,얌미타이,최신 버전 앱,서울특별시 강북구 오패산로31길 43,강북구
471,대가원식당,최신 버전 앱,서울특별시 강북구 한천로 1064,강북구
472,이씨부엌,최신 버전 앱,서울특별시 강북구 노해로8가길 32,강북구
473,소희네,최신 버전 앱,서울특별시 강북구 도봉로10길 67,강북구
474,시장떡복이,최신 버전 앱,서울특별시 강북구 노해로17길 21 수유중앙시장 1F,강북구
475,벤투라커피로스터스,최신 버전 앱,서울특별시 강북구 도봉로10다길 7-1,강북구
476,김도훈스시,최신 버전 앱,서울특별시 강북구 노해로 42 1F,강북구
477,화로몽숯불닭갈비,최신 버전 앱,서울특별시 강북구 월계로3길 66-3,강북구
478,크을농,최신 버전 앱,서울특별시 강북구 4.19로 91,강북구
479,붕자네,최신 버전 앱,서울특별시 강북구 삼양로 541 1F,강북구
480,일도씨닭갈비,최신 버전 앱,서울특별시 강북구 도봉로10가길 8-13,강북구
481,카페브러리,최신 버전 앱,서울특별시 강북구 오패산로77길 8,강북구
482,새미가왕소금구이,최신 버전 앱,서울특별시 강북구 삼양로 673,강북구
483,짱곱창,최신 버전 앱,서울특별시 강북구 솔매로 117-1,강북구
484,릴렉스,최신 버전 앱,서울특별시 강북구 삼양로181길 142,강북구
485,완돈,최신 버전 앱,서울특별시 강북구 도봉로10나길 11,강북구
486,리트리트커피로스터즈,최신 버전 앱,서울특별시 강북구 한천로139길 11,강북구
487,노군꼬치,최신 버전 앱,서울특별시 강북구 덕릉로28길 27  1F,강북구
488,부추곱창,최신 버전 앱,서울특별시 강북구 도봉로87길 26-21,강북구
489,연화양꼬치,최신 버전 앱,서울특별시 강북구 한천로 1078-1,강북구
490,호치민쌀국수,최신 버전 앱,서울특별시 강북구 도봉로67길 18,강북구
491,미녀가든,최신 버전 앱,서울특별시 강북구 한천로139나길 22,강북구
492,홍가네가마솥설렁탕,최신 버전 앱,서울특별시 강북구 한천로 1157,강북구
493,우디플레이트,최신 버전 앱,서울특별시 강북구 삼양로 689-1 파라스파라114동 2F,강북구
494,담소두부,최신 버전 앱,서울특별시 강북구 삼각산로 57,강북구
495,헤미앤바우어,최신 버전 앱,서울특별시 강북구 4.19로 70,강북구
496,보배반점,최신 버전 앱,서울특별시 강북구 솔샘로 293 승은빌딩 1F,강북구
497,전주선지순대추어탕,최신 버전 앱,서울특별시 강북구 오현로31길 173,강북구
498,몽브루,최신 버전 앱,서울특별시 강북구 4.19로 105,강북구
499,본쁠리,최신 버전 앱,서울특별시 강북구 오패산로30길 73 1F,강북구
500,동네맛집족발,최신 버전 앱,서울특별시 강북구 도봉로87길 23,강북구
501,현경양고기,최신 버전 앱,서울특별시 강북구 한천로140길 26,강북구
502,삼양막걸리,최신 버전 앱,서울특별시 강북구 삼양로27길 8,강북구
503,짚신매운갈비찜,최신 버전 앱,서울특별시 강북구 월계로7나길 30-9 1F,강북구
504,일출코다리,최신 버전 앱,서울특별시 강북구 도봉로10나길 15,강북구
505,스시다네,최신 버전 앱,서울특별시 강북구 한천로131길 29,강북구
506,수유리우동집,최신 버전 앱,서울특별시 강북구 덕릉로 98,강북구
507,산성골숯불화로구이,최신 버전 앱,서울특별시 강북구 덕릉로 126 1F,강북구
508,재영통닭,최신 버전 앱,서울특별시 강북구 도봉로87길 40,강북구
509,파도포차,최신 버전 앱,서울특별시 강북구 도봉로87길 32-4 1F,강북구
510,국태야,최신 버전 앱,서울특별시 강북구 도봉로87길 26-12,강북구
511,조연탄,최신 버전 앱,서울특별시 강북구 한천로140길 20,강북구
512,원조왕십리곱창,최신 버전 앱,서울특별시 강북구 4.19로 3,강북구
513,솔방천,최신 버전 앱,서울특별시 강북구 한천로144길 75,강북구
514,물꼬기,최신 버전 앱,서울특별시 강북구 4.19로23길 30,강북구
515,로팸,최신 버전 앱,서울특별시 강북구 4.19로 61-1 2F,강북구
516,수유모소리,최신 버전 앱,서울특별시 강북구 한천로 1043 1F,강북구
517,치어스,최신 버전 앱,서울특별시 강북구 솔샘로40길 3,강북구
518,아메리칸포차,최신 버전 앱,서울특별시 강북구 도봉로8길 38,강북구
519,모록도새기,최신 버전 앱,서울특별시 강북구 한천로140길 11-3 1F,강북구
520,와겐커피,최신 버전 앱,서울특별시 강북구 솔매로 131,강북구
521,청년다방,최신 버전 앱,서울특별시 강북구 한천로139길 33,강북구
522,잼파파,최신 버전 앱,서울특별시 강북구 한천로 1040,강북구
523,백곰집,최신 버전 앱,서울특별시 강북구 삼양로 663,강북구
524,송현초밥,최신 버전 앱,서울특별시 강북구 월계로7길 34,강북구
525,정술,최신 버전 앱,서울특별시 강북구 노해로 32,강북구
526,BUN418,최신 버전 앱,서울특별시 강북구 오패산로 414,강북구
527,쉘위커피,최신 버전 앱,서울특별시 강북구 노해로 90 원남빌딩,강북구
528,카페문나잇,                              4.6                            ,서울특별시 강북구 솔매로50길 7,강북구
529,행복들깨칼국수,최신 버전 앱,서울특별시 강북구 삼양로173길 41-11,강북구
530,아이디파스타,최신 버전 앱,서울특별시 강북구 오패산로 400 2F,강북구
531,데어유고,최신 버전 앱,서울특별시 강북구 오현로6길 77,강북구
532,카페멘디,최신 버전 앱,서울특별시 강북구 4.19로8길 7-2,강북구
533,오술차,최신 버전 앱,서울특별시 강북구 월계로7나길 42-1 2-3F,강북구
534,CBC카페,최신 버전 앱,서울특별시 강북구 삼각산로28길 84 1F,강북구
535,하오런,최신 버전 앱,서울특별시 강북구 오현로 137 1F,강북구
536,도리연닭도리탕,최신 버전 앱,서울특별시 강북구 도봉로87길 40 2F,강북구
537,분코,최신 버전 앱,서울특별시 강북구 도봉로87길 34-4,강북구
538,토방청국장,                              4.6                            ,서울특별시 강북구 삼각산로 63,강북구
539,삼양동순대떡볶이,최신 버전 앱,서울특별시 강북구 삼양로 246,강북구
540,조개일번지,최신 버전 앱,서울특별시 강북구 도봉로8길 37 1F,강북구
541,신쭈꾸,최신 버전 앱,서울특별시 강북구 솔매로 100,강북구
542,카페백야,최신 버전 앱,서울특별시 강북구 노해로21길 7 2F,강북구
543,비커피,최신 버전 앱,서울특별시 강북구 도봉로15길 11 1F,강북구
544,미아골목냉면,최신 버전 앱,서울특별시 강북구 도봉로13길 22,강북구
545,온기,최신 버전 앱,서울특별시 강북구 도봉로55길 4,강북구
546,마늘과올리브,최신 버전 앱,서울특별시 강북구 도봉로 352 삼주빌딩 117호,강북구
547,한우고기농장,최신 버전 앱,서울특별시 강북구 삼양로173길 102,강북구
548,오센,최신 버전 앱,서울특별시 강북구 도봉로 36,강북구
549,주막,최신 버전 앱,서울특별시 강북구 월계로7나길 30-3,강북구
550,세세,최신 버전 앱,서울특별시 강북구 덕릉로 43,강북구
551,청양육개장,                              4.3                            ,서울특별시 강북구 도봉로53길 7 1F,강북구
552,마리웨일마카롱,최신 버전 앱,서울특별시 강북구 한천로139길 17,강북구
553,대찬식당,최신 버전 앱,서울특별시 강북구 한천로139나길 20,강북구
554,창신동옥천매운족발,최신 버전 앱,서울특별시 강북구 노해로 53,강북구
555,카페두두,최신 버전 앱,서울특별시 강북구 도봉로98길 56,강북구
556,돝제주흑돼지,최신 버전 앱,서울특별시 강북구 솔샘로 289,강북구
557,두메골,최신 버전 앱,서울특별시 강북구 삼양로 187,강북구
558,김스시,최신 버전 앱,서울특별시 강북구 솔매로 118-1,강북구
559,물속세상,최신 버전 앱,서울특별시 강북구 노해로8길 22,강북구
560,오니바브런치클럽,최신 버전 앱,서울특별시 강북구 도봉로97길 33-1,강북구
561,미아회관,최신 버전 앱,서울특별시 강북구 도봉로10가길 15 1F,강북구
562,한천기와,최신 버전 앱,서울특별시 강북구 한천로132길 11,강북구
563,미성반점,최신 버전 앱,서울특별시 강북구 4.19로 37,강북구
564,털보정육식당,최신 버전 앱,서울특별시 강북구 한천로 1072 동보빌딩 1-2F,강북구
565,남해횟집,최신 버전 앱,서울특별시 강북구 4.19로 40,강북구
566,삼양동우동집,최신 버전 앱,서울특별시 강북구 삼양로 162,강북구
567,공이네파전,최신 버전 앱,서울특별시 강북구 덕릉로 96,강북구
568,문가네정육식당,최신 버전 앱,서울특별시 강북구 한천로 1077,강북구
569,착한낙지,최신 버전 앱,서울특별시 강북구 4.19로 84,강북구
570,까미노빵집,최신 버전 앱,서울특별시 강북구 4.19로 61,강북구
571,곰이순대국,최신 버전 앱,서울특별시 강북구 삼양로30길 6,강북구
572,우이동주막집,최신 버전 앱,서울특별시 강북구 삼양로 591,강북구
573,다꼬야끼,최신 버전 앱,서울특별시 강북구 도봉로 193,강북구
574,라공방,최신 버전 앱,서울특별시 강북구 한천로139길 42 영남빌딩 103호,강북구
575,하프,최신 버전 앱,서울특별시 강북구 도봉로89길 5-12,강북구
576,유락손칼국수,최신 버전 앱,서울특별시 강북구 삼양로 461,강북구
577,마루국시,최신 버전 앱,서울특별시 강북구 도봉로 242,강북구
578,오월식당,최신 버전 앱,서울특별시 강북구 삼양로139길 8 2F,강북구
579,육두막,최신 버전 앱,서울특별시 강북구 노해로 38,강북구
580,오늘와인한잔,최신 버전 앱,서울특별시 강북구 도봉로10가길 12,강북구
581,335식당,최신 버전 앱,서울특별시 강북구 도봉로87길 43,강북구
582,토핑빨,최신 버전 앱,서울특별시 강북구 도봉로 290 1F 109호,강북구
583,지동닭갈비,최신 버전 앱,서울특별시 강북구 도봉로102길 60-7,강북구
584,대동집,최신 버전 앱,서울특별시 강북구 도봉로87길 9-8,강북구
585,장인,최신 버전 앱,서울특별시 강북구 솔매로 95,강북구
586,녹베이크샵,최신 버전 앱,서울특별시 강북구 숭인로 65-3 1F,강북구
587,모꼬지,최신 버전 앱,서울특별시 강북구 노해로8길 29 201호,강북구
588,샘터마루,최신 버전 앱,서울특별시 강북구 4.19로12길 35,강북구
589,조연탄,4.5,서울특별시 강서구 곰달래로60길 29,강서구
590,소장식물전,4.4,서울특별시 강서구 공항대로2길 36,강서구
591,웜테이블,4.4,서울특별시 강서구 공항대로49길 5-17 1F,강서구
592,영양족발순대국,4.3,서울특별시 강서구 초록마을로2길 48,강서구
593,주방문,4.3,서울특별시 강서구 마곡중앙로 171 207호,강서구
594,원조나주곰탕,4.2,서울특별시 강서구 양천로14길 10,강서구
595,형제돈부리,4.1,서울특별시 강서구 마곡중앙로 161-8 두산더랜드파크 A동 221호,강서구
596,금고깃집,4.1,"서울특별시 강서구 마곡동로 61 109호, 203-205호",강서구
597,자이온,4.1,서울특별시 강서구 공항대로61길 10-11,강서구
598,떼헤브,4.1,서울특별시 강서구 마곡서로 175,강서구
599,랑 월,4.1,서울특별시 강서구 마곡중앙6로 66 퀸즈파크텐 206호,강서구
600,발산삼계탕,4.0,서울특별시 강서구 강서로 344,강서구
601,코끼리탭룸,4.0,서울특별시 강서구 공항대로 195 힐스테이트에코동익 101동 1F 130호,강서구
602,스즈란테이,4.0,서울특별시 강서구 공항대로 269-15 힐스테이트에코마곡 212호,강서구
603,고양이똥,4.0,서울특별시 강서구 공항대로59가길 13,강서구
604,광주똑순이,4.0,서울특별시 강서구 강서로 375-8 정호빌딩 1F,강서구
605,배진수스시,4.0,서울특별시 강서구 마곡중앙6로 76-3 1F,강서구
606,충북식당,4.0,서울특별시 강서구 강서로45가길 9,강서구
607,OBPC,4.0,서울특별시 강서구 마곡중앙6로 63 108호,강서구
608,마부자생삼겹살,3.9,서울특별시 강서구 마곡중앙5로 6 121호,강서구
609,등촌최월선칼국수,3.9,서울특별시 강서구 화곡로64길 68,강서구
610,고성막국수,3.9,서울특별시 강서구 방화대로49길 6-7,강서구
611,타르데마,3.9,서울특별시 강서구 강서로46길 9,강서구
612,나인바이츠 (휴업중),3.9,서울특별시 강서구 공항대로 269-15 힐스테이트에코 2F 217호,강서구
613,옛날한우곱창전문,3.9,서울특별시 강서구 공항대로59길 36,강서구
614,배진수어시장,3.9,서울특별시 강서구 마곡중앙6로 66 B1,강서구
615,카페우드진,3.9,서울특별시 강서구 마곡중앙6로 45,강서구
616,냐항바바바,3.9,서울특별시 강서구 화곡로64길 16,강서구
617,브레드더밀,3.9,서울특별시 강서구 강서로 471 엠코지니어스타 A108호,강서구
618,마므레 크로와상,3.9,서울특별시 강서구 공항대로 269-15,강서구
619,고양이똥3,3.9,서울특별시 강서구 공항대로45길 30,강서구
620,헤리스헤이스,3.9,서울특별시 강서구 마곡동로3길 26 103호,강서구
621,익스큐즈미,3.9,서울특별시 강서구 마곡동로 56 건와빌딩,강서구
622,스시사라,3.8,서울특별시 강서구 마곡동로 55 1F 101호,강서구
623,레피큐르,3.8,서울특별시 강서구 공항대로 247 퀸즈파크9 A동 205호,강서구
624,피슈마라홍탕,3.8,서울특별시 강서구 마곡중앙8로 86 2F 210호,강서구
625,홍린,3.8,서울특별시 강서구 우장산로15길 25,강서구
626,동양식당,3.8,서울특별시 강서구 마곡중앙5로1길 20 2F,강서구
627,나오키,3.7,서울특별시 강서구 강서로56가길 45 1F,강서구
628,더블랙,3.7,서울특별시 강서구 공항대로 269-15 힐스테이트 에코마곡 2F 214호,강서구
629,코끼리만두,3.7,서울특별시 강서구 공항대로51길 27,강서구
630,닥터로빈,3.7,서울특별시 강서구 공항대로 396 귀뚜라미사옥빌딩,강서구
631,옥소반,3.7,서울특별시 강서구 마곡중앙6로 45 리더스퀘어 1F 119호,강서구
632,뚜스뚜스,3.7,서울특별시 강서구 공항대로45길 92,강서구
633,오프닛,3.7,서울특별시 강서구 강서로56길 17,강서구
634,후라토식당,3.7,서울특별시 강서구 공항대로 269-15 2F 211호,강서구
635,맹순이꽃게아구찜,3.7,서울특별시 강서구 공항대로 272,강서구
636,바스버거,3.7,서울특별시 강서구 마곡동로 62 마곡사이언스타워 1F,강서구
637,똑순이막국수,3.6,서울특별시 강서구 강서로47길 19 발산상가,강서구
638,강릉엄지네꼬막집,3.6,서울특별시 강서구 공항대로 291,강서구
639,능라도,3.6,서울특별시 강서구 마곡동로 56 건와빌딩 2F,강서구
640,속초그바람에,3.6,서울특별시 강서구 강서로54길 11,강서구
641,카이조쿠,3.5,서울특별시 강서구 마곡중앙6로 16 마곡지엠지타워 108호,강서구
642,헤븐온탑,3.5,서울특별시 강서구 하늘길 38,강서구
643,소바트럭,3.5,서울특별시 강서구 화곡로68길 36 110호,강서구
644,스시금강,3.5,서울특별시 강서구 마곡동로3길 6 NY타워 1F 102호,강서구
645,하롱하롱,3.5,서울특별시 강서구 마곡서로 152,강서구
646,목동분식,3.5,서울특별시 강서구 강서로45라길 36,강서구
647,송쭈집,3.5,서울특별시 강서구 마곡서로 158 센트럴타워2차 이마트에브리데이상가 2F,강서구
648,광화문살롱,3.5,서울특별시 강서구 공항대로45길 63,강서구
649,인라이크,3.5,서울특별시 강서구 양천로30길 103,강서구
650,부부칼국수만두,3.5,서울특별시 강서구 강서로56가길 47 동진빌딩,강서구
651,유림,3.4,서울특별시 강서구 공항대로71길 5,강서구
652,생어거스틴,3.4,서울특별시 강서구 하늘길 38 롯데몰 김포공항점 MF,강서구
653,오남매닭갈비,3.4,서울특별시 강서구 마곡중앙5로 6,강서구
654,망향비빔국수,3.3,서울특별시 강서구 양천로 716 신한빌딩,강서구
655,백소정,3.3,서울특별시 강서구 마곡중앙6로 66 퀸즈파크텐 A동 2F 203호,강서구
656,탄탄면공방,3.3,서울특별시 강서구 공항대로 269-15 에코마곡힐스테이트 123호,강서구
657,경양카츠,3.2,서울특별시 강서구 마곡중앙6로 45 1F 127호,강서구
658,맛찬들왕소금구이,3.1,서울특별시 강서구 강서로 375-7,강서구
659,토끼정,3.1,서울특별시 강서구 마곡동로 55 마커스빌딩 2F,강서구
660,사이드쇼,3.1,서울특별시 강서구 하늘길 38 롯데몰 김포공항점,강서구
661,브런치팩토리,3.1,서울특별시 강서구 마곡중앙로 36 엠밸리15단지 상가 102호,강서구
662,공항칼국수,3.0,서울특별시 강서구 공항대로 18-1,강서구
663,신선,2.8,서울특별시 강서구 마곡동로 62 마곡 사이언스 타워 208호,강서구
664,다온나루,최신 버전 앱,부산광역시 강서구 범방3로46번길 21,강서구
665,딘타이펑,최신 버전 앱,서울특별시 강서구 하늘길 38 롯데몰 김포공항점 B2,강서구
666,이오카츠,최신 버전 앱,서울특별시 강서구 공항대로 164 류마타워1차 122-3호,강서구
667,우니크,최신 버전 앱,서울특별시 강서구 마곡동로3길 6 NY타워 11F,강서구
668,모닐이네하우스,최신 버전 앱,서울특별시 강서구 양천로 344 A동 113호,강서구
669,도일처,최신 버전 앱,서울특별시 강서구 개화동로 567,강서구
670,우학면옥,최신 버전 앱,서울특별시 강서구 공항대로 261 발산파크프라자 208호,강서구
671,마산아구찜,최신 버전 앱,서울특별시 강서구 금낭화로 135 금강프라자,강서구
672,나우니스,최신 버전 앱,서울특별시 강서구 마곡중앙로 161-11 힐스테이트에코상가 2F,강서구
673,도쿄하나,최신 버전 앱,서울특별시 강서구 공항대로 367,강서구
674,80년전통 원조순대국,최신 버전 앱,서울특별시 강서구 방화대로6가길 34,강서구
675,사모님짬뽕,최신 버전 앱,서울특별시 강서구 금낭화로18길 10,강서구
676,박가부대,최신 버전 앱,서울특별시 강서구 양천로 583 우림블루나인,강서구
677,울림,최신 버전 앱,서울특별시 강서구 마곡중앙로 76 126호,강서구
678,녹지,최신 버전 앱,서울특별시 강서구 공항대로 247 퀸즈파크나인B동 131호,강서구
679,배꼽집,최신 버전 앱,서울특별시 강서구 강서로 385 우성에스비타워 208-209호,강서구
680,봉래헌,최신 버전 앱,서울특별시 강서구 방화대로 94 메이필드 호텔 별관 한옥 1F,강서구
681,아이엠키친,                              4.5                            ,서울특별시 강서구 강서로 247 9호,강서구
682,매드포갈릭,최신 버전 앱,서울특별시 강서구 공항대로 304,강서구
683,오즈테이블,최신 버전 앱,서울특별시 강서구 마곡중앙로 56 사이언스타워2 B1,강서구
684,까롱파티,최신 버전 앱,서울특별시 강서구 강서로35길 20 102호,강서구
685,일품한우,최신 버전 앱,서울특별시 강서구 마곡중앙로 161-22 2F,강서구
686,대가원식당,최신 버전 앱,서울특별시 강서구 공항대로 304 4F 401-405호,강서구
687,육화몽,최신 버전 앱,서울특별시 강서구 강서로 237,강서구
688,최윤진당진아구동태찜탕,최신 버전 앱,서울특별시 강서구 방화동로 90,강서구
689,도라무통즉석떡볶이,최신 버전 앱,서울특별시 강서구 곰달래로 163,강서구
690,현이네초밥가게,최신 버전 앱,서울특별시 강서구 공항대로45길 44 청림오피스텔 1F,강서구
691,잔잔하게,                              4.7                            ,서울특별시 강서구 마곡서로 158 센트럴타워2 3F 301호,강서구
692,가마솥한우국밥,최신 버전 앱,서울특별시 강서구 강서로 349,강서구
693,의성식당,최신 버전 앱,서울특별시 강서구 공항대로59가길 25-6,강서구
694,남춘네숯불닭갈비,최신 버전 앱,서울특별시 강서구 등촌로 47-1,강서구
695,삼부숯불구이,최신 버전 앱,서울특별시 강서구 공항대로 14,강서구
696,사랑방손칼국수,최신 버전 앱,서울특별시 강서구 국회대로 249-1,강서구
697,꼼떼바베큐,최신 버전 앱,서울특별시 강서구 마곡중앙로 161-11 라마다호텔 B1,강서구
698,밀작,최신 버전 앱,서울특별시 강서구 방화동로12길 18,강서구
699,숙달돼지,최신 버전 앱,서울특별시 강서구 강서로 415,강서구
700,에머이,최신 버전 앱,서울특별시 강서구 마곡서로 152 두산더랜드타워 B동 108-109호,강서구
701,선식당,최신 버전 앱,서울특별시 강서구 우현로 5,강서구
702,청풍동태탕,최신 버전 앱,서울특별시 강서구 화곡로68길 15 아벨테크노 2F 212호,강서구
703,사이공윤다이,최신 버전 앱,서울특별시 강서구 마곡중앙5로1길 20 218호,강서구
704,안영자면옥,최신 버전 앱,서울특별시 강서구 마곡중앙4로 22,강서구
705,도화림,최신 버전 앱,서울특별시 강서구 강서로 391 문영비즈웍스 206호,강서구
706,등촌샤브칼국수,최신 버전 앱,서울특별시 강서구 강서로56가길 65 아트빌딩 2F,강서구
707,쿠시야,최신 버전 앱,서울특별시 강서구 가로공원로76길 45 1F,강서구
708,식바,최신 버전 앱,서울특별시 강서구 화곡로18길 27,강서구
709,츄카롱,최신 버전 앱,서울특별시 강서구 마곡중앙로 161-1 캐슬파크 212호,강서구
710,파파진구,최신 버전 앱,서울특별시 강서구 공항대로59길 20-3,강서구
711,맛거리,                              4.6                            ,서울특별시 강서구 화곡로25길 8,강서구
712,해촌칼국수,최신 버전 앱,서울특별시 강서구 강서로 348,강서구
713,제이든,최신 버전 앱,서울특별시 강서구 마곡중앙8로 90 마곡아이파크 217호,강서구
714,MODU’S CAFE,최신 버전 앱,서울특별시 강서구 곰달래로 72 호텔타워 1F,강서구
715,도쿄빙수,최신 버전 앱,서울특별시 강서구 마곡중앙로 161-1 마곡나루역캐슬파크 2F 217호,강서구
716,양평해장국,최신 버전 앱,서울특별시 강서구 공항대로 242 212호,강서구
717,고양이후추,최신 버전 앱,서울특별시 강서구 공항대로59다길 267,강서구
718,특별하면돼지,최신 버전 앱,서울특별시 강서구 곰달래로60길 33,강서구
719,설화랑,최신 버전 앱,서울특별시 강서구 강서로 381-7 예원빌딩 2F,강서구
720,쉐드커피,                              4.7                            ,서울특별시 강서구 마곡중앙6로 16 1F,강서구
721,린치타이,최신 버전 앱,서울특별시 강서구 방화대로47가길 41,강서구
722,커피볶는곤이네집,최신 버전 앱,서울특별시 강서구 곰달래로 116-1 m타워,강서구
723,파파노다이닝,최신 버전 앱,서울특별시 강서구 마곡서로 170 103호,강서구
724,남대문커피,최신 버전 앱,서울특별시 강서구 공항대로 247,강서구
725,마곡테이블,최신 버전 앱,서울특별시 강서구 마곡중앙6로 63 테크노타워 1F 107호,강서구
726,신촌감자탕해물뼈찜,최신 버전 앱,서울특별시 강서구 강서로 375,강서구
727,진1926,최신 버전 앱,서울특별시 강서구 마곡중앙로 161-8,강서구
728,쿠타니,최신 버전 앱,서울특별시 강서구 화곡로 350 SJ라벨라 2F,강서구
729,풍경,최신 버전 앱,서울특별시 강서구 양천로47가길 43,강서구
730,다래정,최신 버전 앱,서울특별시 강서구 공항대로59길 20,강서구
731,로빈뮤지엄,최신 버전 앱,부산광역시 강서구 신호산단1로140번길 71 1F,강서구
732,녹산용가든,최신 버전 앱,부산광역시 강서구 낙동남로682번길 94,강서구
733,오재영스시,최신 버전 앱,서울특별시 강서구 까치산로2길 4 싱글하우스고시텔 1F,강서구
734,타이투고,최신 버전 앱,서울특별시 강서구 마곡중앙6로 45 마곡리더스퀘어 115호,강서구
735,쓰부,최신 버전 앱,서울특별시 강서구 까치산로 75 신화빌딩,강서구
736,강서복집,최신 버전 앱,서울특별시 강서구 공항대로59길 8,강서구
737,오봉집,최신 버전 앱,서울특별시 강서구 마곡동로4길 15 2F,강서구
738,이치방라멘,최신 버전 앱,서울특별시 강서구 강서로 271,강서구
739,호호방,최신 버전 앱,서울특별시 강서구 마곡중앙로 161-1 마곡나루캐슬파크 115호,강서구
740,조병관숙성회,최신 버전 앱,서울특별시 강서구 화곡로50길 28 102호,강서구
741,교대이층집,                              4.6                            ,서울특별시 강서구 강서로 381 수창빌딩 2F,강서구
742,더족발,최신 버전 앱,서울특별시 강서구 양천로57길 10-20 1F,강서구
743,하우돈곱창,최신 버전 앱,서울특별시 강서구 초원로 61,강서구
744,메리하하,최신 버전 앱,서울특별시 강서구 강서로33길 32,강서구
745,하코야라멘,최신 버전 앱,서울특별시 강서구 양천로 583 우림 블루나인 비즈니스센터 313호,강서구
746,야끼화로,최신 버전 앱,서울특별시 강서구 강서로56길 24,강서구
747,만배아리랑,최신 버전 앱,서울특별시 강서구 화곡로18길 24,강서구
748,한우등촌골,최신 버전 앱,서울특별시 강서구 등촌로 201,강서구
749,삐삐커피,최신 버전 앱,서울특별시 강서구 강서로54길 93 1F,강서구
750,구도커피,최신 버전 앱,서울특별시 강서구 등촌로35길 121 1-2F,강서구
751,마초갈비,최신 버전 앱,서울특별시 강서구 마곡동로 62 1F,강서구
752,도깨비베이커리,최신 버전 앱,서울특별시 강서구 마곡서1로 115-1 117호,강서구
753,비에이,최신 버전 앱,서울특별시 강서구 양천로67길 93-23,강서구
754,데판야끼다케시,최신 버전 앱,서울특별시 강서구 마곡중앙6로 66 205호,강서구
755,베르데,최신 버전 앱,서울특별시 강서구 화곡로20길 20,강서구
756,플루이드,최신 버전 앱,서울특별시 강서구 마곡중앙6로 70 1F 107호,강서구
757,양옥주점,                              4.7                            ,서울특별시 강서구 마곡중앙로 161-11 힐스테이트에코 111-2호,강서구
758,카페사진관고양이,최신 버전 앱,서울특별시 강서구 수명로 72 신성프라자 4F,강서구
759,신촌기사식당,                              4.5                            ,서울특별시 강서구 방화대로 408,강서구
760,페이페이,최신 버전 앱,서울특별시 강서구 개화동로20길 47 롯데몰김포공항점 GF,강서구
761,청년다방,최신 버전 앱,서울특별시 강서구 공항대로 269-15 122호,강서구
762,명지첫집,최신 버전 앱,부산광역시 강서구 명지국제6로232번길 18,강서구
763,더웨스트햄릿,최신 버전 앱,서울특별시 강서구 양천로14길 6,강서구
764,올리브레스토랑,최신 버전 앱,서울특별시 강서구 수명로 72 신성프라자 3F,강서구
765,쏘자토스트핫도그,최신 버전 앱,부산광역시 강서구 명지국제6로302번길 3,강서구
766,깐부치킨,최신 버전 앱,서울특별시 강서구 화곡로68길 82,강서구
767,낫띵메터스,최신 버전 앱,서울특별시 강서구 마곡서로 175 407동상가 104호,강서구
768,마곡참치정육점,최신 버전 앱,서울특별시 강서구 수명로 68-35 웨스트엔드중정 102-2호,강서구
769,불막열삼,최신 버전 앱,부산광역시 강서구 명지국제6로 238,강서구
770,꿈꾸는요리사,최신 버전 앱,부산광역시 강서구 명지오션시티4로 62,강서구
771,어쩌라고,최신 버전 앱,서울특별시 강서구 화곡로 194-48,강서구
772,파스타인카페,최신 버전 앱,서울특별시 강서구 마곡중앙2로 15 테크노타워2 201호,강서구
773,WE Ccafe,최신 버전 앱,서울특별시 강서구 강서로47길 169 웨스트엔드 아트센터,강서구
774,동굴,최신 버전 앱,서울특별시 강서구 마곡중앙6로 65 1F,강서구
775,심야식당켬,최신 버전 앱,서울특별시 강서구 마곡중앙로 161-1 롯데캐슬파크 226호,강서구
776,라페스타,최신 버전 앱,서울특별시 강서구 방화대로 94 메이필드 호텔 본관 1F,강서구
777,비라티오커피,최신 버전 앱,서울특별시 강서구 마곡서1로 115-1 마곡헤리움1차 114호,강서구
778,와밀,최신 버전 앱,서울특별시 강서구 마곡동로10길 23 대방디엠시티 2차 105호,강서구
779,오백년장어,최신 버전 앱,서울특별시 강서구 화곡로61길 99,강서구
780,르뺑블랑,최신 버전 앱,서울특별시 강서구 강서로47가길 33 덕산빌딩 1F 103호,강서구
781,식신짜글이생갈비찜,최신 버전 앱,서울특별시 강서구 마곡중앙5로1길 21 럭스나인 오피스텔,강서구
782,따빠디또,4.8,서울특별시 관악구 행운1길 40 상가 104호,관악구
783,빠사삭,4.6,서울특별시 관악구 신림로17길 41,관악구
784,루비정,4.6,서울특별시 관악구 남부순환로 1690,관악구
785,오목눈이,4.5,서울특별시 관악구 장군봉1길 32 2F,관악구
786,뉴욕택시디저트,4.5,서울특별시 관악구 남부순환로 1870 1F,관악구
787,로향양꼬치,4.5,서울특별시 관악구 관악로16길 35 푸르빌아파트,관악구
788,오월의김밥,4.5,서울특별시 관악구 봉천로 605,관악구
789,피자보이시나,4.5,서울특별시 관악구 남부순환로234길 31 1F,관악구
790,두만강샤브샤브,4.4,서울특별시 관악구 봉천로 537,관악구
791,오지 편한식당,4.4,서울특별시 관악구 관악로14길 105 대명빌딩 1F,관악구
792,퍼블리코타코,4.4,서울특별시 관악구 관악로14길 106,관악구
793,베이컨시,4.4,서울특별시 관악구 봉천로62길 5 옥산빌딩 B1,관악구
794,요샌,4.4,서울특별시 관악구 남부순환로230길 42 1F,관악구
795,텐동요츠야,4.3,서울특별시 관악구 남부순환로234길 18 1F,관악구
796,안녕베트남,4.3,서울특별시 관악구 관악로14길 70 B1,관악구
797,더멜팅팟,4.3,서울특별시 관악구 관악로14가길 2,관악구
798,제주상회,4.3,서울특별시 관악구 관악로12길 108 B1,관악구
799,딸랏롯빠이,4.3,서울특별시 관악구 관악로12길 113 대원빌딩 1F,관악구
800,커피볶는여자,4.3,서울특별시 관악구 관악로14가길 2 1F,관악구
801,투머트,4.3,서울특별시 관악구 남부순환로226길 42 1F,관악구
802,가람숙성대광어,4.3,서울특별시 관악구 봉천로 481,관악구
803,혼네,4.3,서울특별시 관악구 관악로14길 6-4 1F,관악구
804,동학,4.3,서울특별시 관악구 대학5길 29,관악구
805,보울,4.3,서울특별시 관악구 봉천로 566-1 동아오피스텔 1F,관악구
806,누아젯,4.3,서울특별시 관악구 행운1길 4 1F,관악구
807,동경산책,4.2,서울특별시 관악구 관악로14길 30 2F,관악구
808,모즈타파스라운지,4.2,서울특별시 관악구 남부순환로226길 36 B1,관악구
809,분짜 하노이,4.2,서울특별시 관악구 관악로 154 B1,관악구
810,라이라이켄,4.2,서울특별시 관악구 봉천로53길 5,관악구
811,타이패밀리,4.2,서울특별시 관악구 행운1길 39,관악구
812,축상,4.2,서울특별시 관악구 남부순환로 1848-6 B1,관악구
813,크래프티,4.2,서울특별시 관악구 낙성대로 24 2F,관악구
814,소미당,4.2,서울특별시 관악구 대학6길 19,관악구
815,중화요리팔공,4.2,서울특별시 관악구 남부순환로 1680,관악구
816,하라고지페,4.2,서울특별시 관악구 관악로14길 106 B1,관악구
817,사담,4.2,서울특별시 관악구 남부순환로 1852 5F,관악구
818,어부사시가,4.2,서울특별시 관악구 관악로14길 31,관악구
819,달그미과자점,4.2,서울특별시 관악구 낙성대역10길 3 1F,관악구
820,그릭데이,4.2,서울특별시 관악구 관악로 168,관악구
821,쟝블랑제리,4.1,서울특별시 관악구 낙성대역길 8,관악구
822,쥬벤쿠바,4.1,서울특별시 관악구 관악로14나길 10,관악구
823,더은교,4.1,서울특별시 관악구 봉천로 600-1,관악구
824,옷살,4.1,서울특별시 관악구 관악로 164 대우 디오슈페리움 1단지 B1,관악구
825,차이나당,4.1,서울특별시 관악구 낙성대로 16 2F,관악구
826,킷사서울,4.1,서울특별시 관악구 남부순환로226길 31 2F,관악구
827,서울갈비,4.1,서울특별시 관악구 남부순환로 1645,관악구
828,정담은보쌈,4.1,서울특별시 관악구 남부순환로 1661,관악구
829,아리차이,4.1,서울특별시 관악구 신림동길 4,관악구
830,가네샤,4.1,서울특별시 관악구 대학길 46,관악구
831,만석곱창구이,4.1,서울특별시 관악구 봉천로 491-1,관악구
832,낀알로이알로이,4.1,서울특별시 관악구 청룡2길 29,관악구
833,청송산오징어,4.1,서울특별시 관악구 남현1길 8,관악구
834,봉이돈까스,4.1,서울특별시 관악구 남부순환로 1754,관악구
835,춘천골참숯불닭갈비,4.1,서울특별시 관악구 신림동7길 46,관악구
836,수상한닭발,4.1,서울특별시 관악구 봉천로53길 8,관악구
837,논밭골,4.1,서울특별시 관악구 청룡길 30,관악구
838,전호메밀우동,4.1,서울특별시 관악구 봉천로 533 1F,관악구
839,오첨지,4.1,서울특별시 관악구 남부순환로176길 18,관악구
840,고모네정육식당,4.1,서울특별시 관악구 신원로 23,관악구
841,아모르미오,4.0,서울특별시 관악구 행운2길 20 태화빌딩 1F,관악구
842,려,4.0,서울특별시 관악구 봉천로 456 신원 메트로빌 1F,관악구
843,외래향,4.0,서울특별시 관악구 남부순환로 1801,관악구
844,무삥과팟타이,4.0,서울특별시 관악구 봉천로 596 2F,관악구
845,발루토,4.0,서울특별시 관악구 신림로23길 28,관악구
846,기절초풍왕순대,4.0,서울특별시 관악구 봉천로62길 2,관악구
847,링고,4.0,서울특별시 관악구 봉천로 518-4 2F,관악구
848,초와밥,4.0,서울특별시 관악구 관악로15길 6,관악구
849,프리미엄 섬,4.0,서울특별시 관악구 관악로 193-2 109-10호,관악구
850,고명집,4.0,서울특별시 관악구 봉천로 482 2F,관악구
851,다케,4.0,서울특별시 관악구 대학길 71,관악구
852,사케바히토리,4.0,서울특별시 관악구 낙성대로 22-11 1F,관악구
853,미각담다,4.0,서울특별시 관악구 관악로12길 3-14 501호,관악구
854,달첨시루,4.0,서울특별시 관악구 관악로12길 104,관악구
855,우리가참순대,4.0,서울특별시 관악구 관악로 148 B1,관악구
856,신림동피자집,4.0,서울특별시 관악구 신림로59길 17 3F,관악구
857,생각보다맛있는집,4.0,서울특별시 관악구 관악로 152 서량빌딩,관악구
858,베어문,4.0,서울특별시 관악구 호암로22길 29,관악구
859,갯바위,4.0,서울특별시 관악구 남부순환로216길 13,관악구
860,코우드,4.0,서울특별시 관악구 인헌길 101 1F,관악구
861,황해도빈대떡,4.0,서울특별시 관악구 신림로11길 20,관악구
862,호남댁,4.0,서울특별시 관악구 신림로59길 12 204호,관악구
863,나인온스버거,3.9,서울특별시 관악구 관악로12길 108,관악구
864,스윗밸런스,3.9,서울특별시 관악구 관악로14길 99 1F,관악구
865,에그썸,3.9,서울특별시 관악구 남부순환로234길 28,관악구
866,릴트,3.9,서울특별시 관악구 행운1길 50,관악구
867,엘따뻬오,3.9,서울특별시 관악구 봉천로 580 2F,관악구
868,모힝,3.9,서울특별시 관악구 남부순환로226길 36 2F,관악구
869,반조,3.9,서울특별시 관악구 관악로12길 11 2F,관악구
870,미라보,3.9,서울특별시 관악구 봉천로 541,관악구
871,프랑스홍합집,3.9,서울특별시 관악구 관악로14길 22 1F,관악구
872,박명주의 브라더,3.9,서울특별시 관악구 관악로14길 89,관악구
873,막불감동,3.9,서울특별시 관악구 남부순환로 1599 B1,관악구
874,십장생베이커리,3.9,서울특별시 관악구 관악로6길 94 1F 101호,관악구
875,레그나나폴리,3.9,서울특별시 관악구 관악로14길 39,관악구
876,바닐라스카이,3.9,서울특별시 관악구 남부순환로 1820 라붐아울렛 15F,관악구
877,두리닭발,3.9,서울특별시 관악구 남현3길 78 2F,관악구
878,스시스캔들,3.9,서울특별시 관악구 관악로12길 109,관악구
879,미스리부자아줌마,3.9,서울특별시 관악구 남부순환로 1802 관악캠퍼스타워 1F,관악구
880,시골집,3.9,서울특별시 관악구 낙성대로 22-7,관악구
881,종로계림닭도리탕원조,3.9,서울특별시 관악구 관악로 152 2F,관악구
882,토모,3.9,서울특별시 관악구 관악로15길 24,관악구
883,하이보,3.9,서울특별시 관악구 관악로 134 형우빌딩 2F,관악구
884,쑥고개,3.9,서울특별시 관악구 관악로14길 16 B1,관악구
885,사생활,3.9,서울특별시 관악구 신사로14길 19 B1,관악구
886,가츠가게,3.9,서울특별시 관악구 낙성대로4가길 12,관악구
887,고로커피로스터스,3.9,서울특별시 관악구 은천로41길 20 1F,관악구
888,예인촌막걸리,3.9,서울특별시 관악구 봉천로62길 8,관악구
889,소백양샤브샤브,3.9,서울특별시 관악구 봉천로 467 2F,관악구
890,다이히로,3.9,서울특별시 관악구 행운1길 3,관악구
891,낙원의소바,3.9,서울특별시 관악구 관악로 164 1F,관악구
892,얼큰수제비해물칼국수,3.9,서울특별시 관악구 관악로 113,관악구
893,술파는이층남자,3.9,서울특별시 관악구 신림동길 5 2F,관악구
894,앙뿌,3.9,서울특별시 관악구 관악로14가길 6 1F 101호,관악구
895,문득낙성,3.9,서울특별시 관악구 남부순환로 1929-9,관악구
896,마뇨떡볶이,3.9,서울특별시 관악구 신원로 35 삼모더프라임타워,관악구
897,펠리치따,3.9,서울특별시 관악구 남부순환로 1922 청동빌딩 1F,관악구
898,OFFOF카페,3.9,서울특별시 관악구 행운1길 30 1F,관악구
899,까까,3.9,서울특별시 관악구 관악로12길 38 1F,관악구
900,오페라빈로스터스,3.9,서울특별시 관악구 낙성대로 29 에듀테이너스오피스텔,관악구
901,도우다베이커리,3.9,서울특별시 관악구 봉천로6길 11 1F,관악구
902,레이네,3.9,서울특별시 관악구 행운1마길 17 1F,관악구
903,홍곱창,3.9,서울특별시 관악구 봉천로 489,관악구
904,솥뚜껑제주삼겹살,3.9,서울특별시 관악구 관악로14길 110,관악구
905,오삼숙이,3.9,서울특별시 관악구 대학길 57,관악구
906,마이무,3.8,서울특별시 관악구 낙성대로 22-10 1F,관악구
907,모힝,3.8,서울특별시 관악구 봉천로62길 7 2F,관악구
908,리버벨,3.8,서울특별시 관악구 남현2길 18 1F,관악구
909,낭만모로코,3.8,서울특별시 관악구 관악로14길 88 1F,관악구
910,구루메키친,3.8,서울특별시 관악구 대학7길 2 테라타워 2F,관악구
911,순보보,3.8,서울특별시 관악구 봉천로62길 10 1F,관악구
912,안녕부산,3.8,서울특별시 관악구 관악로14길 45,관악구
913,프로젝트서울,3.8,서울특별시 관악구 봉천로 518-4 4F,관악구
914,카페프레임,3.8,서울특별시 관악구 관악로14길 94 B1,관악구
915,슈슈고미,3.8,서울특별시 관악구 관악로14길 105 B1,관악구
916,삼촌네,3.8,서울특별시 관악구 신림로59길 14,관악구
917,완산정,3.8,서울특별시 관악구 봉천로 484,관악구
918,코시롱,3.8,서울특별시 관악구 남부순환로266길 6 1F,관악구
919,서랍,3.8,서울특별시 관악구 청룡1길 19 3F,관악구
920,나에게오는길,3.8,서울특별시 관악구 관악로14길 82 2F,관악구
921,덕봉식당,3.8,서울특별시 관악구 호암로24길 24,관악구
922,이야기,3.8,서울특별시 관악구 관악로 1 법학도서관 1F,관악구
923,히토리더야끼니꾸,3.8,서울특별시 관악구 남부순환로230길 8,관악구
924,포36거리,3.8,서울특별시 관악구 호암로24길 22 성광독서실 1F,관악구
925,정숙성,3.8,서울특별시 관악구 남부순환로226길 31 1F,관악구
926,누들하우스,3.8,서울특별시 관악구 관악로14나길 6 1F,관악구
927,천년곱돌,3.8,서울특별시 관악구 쑥고개로 129,관악구
928,포포인,3.8,서울특별시 관악구 관악로 1,관악구
929,오른손푸드카페,3.8,서울특별시 관악구 관악로14길 111 1F,관악구
930,더랩 24 7,3.8,서울특별시 관악구 관악로 1 서울대학교 사범대학 12동 기초사범교육협력센터 B1,관악구
931,오후의과일,3.7,서울특별시 관악구 관악로14길 15 2F,관악구
932,니와,3.7,서울특별시 관악구 호암로22길 69,관악구
933,지구당,3.7,서울특별시 관악구 관악로12길 5,관악구
934,아띠85도씨베이커리,3.7,서울특별시 관악구 쑥고개로 137 1F,관악구
935,온돌,3.7,서울특별시 관악구 봉천로 534,관악구
936,티라노,3.7,서울특별시 관악구 남부순환로230길 39,관악구
937,우디가스트로,3.7,서울특별시 관악구 관악로 116,관악구
938,카페미엘,3.7,서울특별시 관악구 관악로16길 38 2F,관악구
939,포도원삼계탕,3.7,서울특별시 관악구 신림로 312,관악구
940,카페서른살,3.7,서울특별시 관악구 관악로12길 46,관악구
941,서울뼛국,3.7,서울특별시 관악구 관천로 36-1,관악구
942,황소곱창,3.7,서울특별시 관악구 관악로15길 39,관악구
943,옐로우버터드림,3.7,서울특별시 관악구 관악로14나길 10 2F,관악구
944,호랑이면,3.7,서울특별시 관악구 남부순환로234길 27,관악구
945,오신매운갈비찜,3.7,서울특별시 관악구 남부순환로230길 14,관악구
946,아로이막막,3.7,서울특별시 관악구 남부순환로230길 27,관악구
947,진우리참치,3.7,서울특별시 관악구 봉천로 472,관악구
948,야간얼큰우동,3.7,서울특별시 관악구 남부순환로226길 13,관악구
949,세미온,3.7,서울특별시 관악구 호암로22길 81,관악구
950,카페미뇽,3.7,서울특별시 관악구 관악로14길 76,관악구
951,리앙크리스피롤,3.7,서울특별시 관악구 남부순환로 1820,관악구
952,디자이너리카페,3.7,서울특별시 관악구 관천로 71-1 4F,관악구
953,문득,3.7,서울특별시 관악구 관악로14길 8,관악구
954,링고,3.7,서울특별시 관악구 신림로 85,관악구
955,르브와,3.7,서울특별시 관악구 신원로 34,관악구
956,안녕과자점,3.6,서울특별시 관악구 남부순환로228길 20 1F,관악구
957,월화고기,3.6,서울특별시 관악구 보라매로3길 16 1F,관악구
958,몽중인,3.6,서울특별시 관악구 관악로14가길 13 1F,관악구
959,온고지신,3.6,서울특별시 관악구 관악로14길 101,관악구
960,삼백돈 돈가츠,3.6,서울특별시 관악구 남부순환로230길 48,관악구
961,김창일스시,3.6,서울특별시 관악구 인헌길 7,관악구
962,라페리체,3.6,서울특별시 관악구 관악로14길 34 B1,관악구
963,만성찬팅,3.6,서울특별시 관악구 신림로 322-4,관악구
964,꼬르동,3.6,서울특별시 관악구 관악로14길 89 1F,관악구
965,산골,3.6,서울특별시 관악구 관악로 211,관악구
966,미친키친,3.6,서울특별시 관악구 남부순환로 1913 2F,관악구
967,구로곱창,3.6,서울특별시 관악구 조원로 9,관악구
968,만두작만두작,3.6,서울특별시 관악구 관악로24길 60,관악구
969,라공방,3.6,서울특별시 관악구 관악로 163,관악구
970,Lees Pancake,3.6,서울특별시 관악구 관악로12길 23 1F,관악구
971,삼미제면,3.6,서울특별시 관악구 관악로14길 50,관악구
972,다부찌,3.6,서울특별시 관악구 호암로24길 43,관악구
973,길초밥,3.6,서울특별시 관악구 남부순환로 1600-24 1F,관악구
974,생각보다맛있는집,3.6,서울특별시 관악구 봉천로 236,관악구
975,노다지,3.6,서울특별시 관악구 관악로16길 36 2F,관악구
976,황토방,3.6,서울특별시 관악구 관악로12길 6 2F,관악구
977,자하연식당,3.6,서울특별시 관악구 관악로 1 생활협동조합 3F,관악구
978,여신족발,4.3,서울특별시 금천구 벚꽃로38길 21,금천구
979,김사부샤브샤브 무한리필,4.3,서울특별시 금천구 가산로 132,금천구
980,진영면옥,4.2,서울특별시 금천구 가산로 22-5,금천구
981,세라즈피자펍,4.1,서울특별시 금천구 가산디지털1로 168 A동 2F 222호,금천구
982,카페스미다,3.9,서울특별시 금천구 벚꽃로 298 대륭포스트타워6차 B143호,금천구
983,팔람까오,3.8,서울특별시 금천구 서부샛길 606,금천구
984,인크커피,3.7,서울특별시 금천구 가산디지털2로 127-20,금천구
985,호세가,3.7,서울특별시 금천구 남부순환로108길 19 1F,금천구
986,춘천옥,3.5,서울특별시 금천구 디지털로12길 19 2F,금천구
987,동흥관,3.0,서울특별시 금천구 시흥대로63길 20,금천구
988,스시히또,최신 버전 앱,서울특별시 금천구 벚꽃로 286 B1 114호,금천구
989,왕게수산,최신 버전 앱,서울특별시 금천구 시흥대로 182 2호,금천구
990,단또,최신 버전 앱,서울특별시 금천구 디지털로9길 32 갑을그레이트밸리 2F,금천구
991,소용궁,최신 버전 앱,서울특별시 금천구 시흥대로 291 롯데캐슬골드파크3차상가 310동 219호,금천구
992,대구원조까미생막창누네서네,최신 버전 앱,서울특별시 금천구 가산디지털1로 1,금천구
993,아웃백스테이크하우스,최신 버전 앱,서울특별시 금천구 디지털로10길 9 7F,금천구
994,탁초밥,최신 버전 앱,서울특별시 금천구 독산로74길 16,금천구
995,하코야라멘,최신 버전 앱,서울특별시 금천구 가산디지털1로 205,금천구
996,타미하우스,최신 버전 앱,서울특별시 금천구 벚꽃로 286 삼성리더스타워 B124,금천구
997,도네누,최신 버전 앱,서울특별시 금천구 가산로 137,금천구
998,강강술래,최신 버전 앱,서울특별시 금천구 시흥대로 191,금천구
999,두껍삼,최신 버전 앱,서울특별시 금천구 벚꽃로38길 43,금천구
1000,스쿨푸드,최신 버전 앱,서울특별시 금천구 디지털로9길 23 마리오아울렛 3관 12F,금천구
1001,스시옥,최신 버전 앱,서울특별시 금천구 시흥대로 399 1F,금천구
1002,상아탑분식,                              4.6                            ,서울특별시 금천구 금하로29길 3,금천구
1003,하남돼지집,최신 버전 앱,서울특별시 금천구 시흥대로52길 16,금천구
1004,통영해물가,최신 버전 앱,서울특별시 금천구 벚꽃로46길 1-5,금천구
1005,마하나콘,최신 버전 앱,서울특별시 금천구 범안로 1130 디지털엠파이어빌딩 112호,금천구
1006,봉베이커리,최신 버전 앱,서울특별시 금천구 독산로 247,금천구
1007,카페 트리니티 블랙,최신 버전 앱,서울특별시 금천구 가산디지털2로 108 뉴티캐슬 1F 104호,금천구
1008,인생양대창,최신 버전 앱,서울특별시 금천구 시흥대로52길 42,금천구
1009,삼팔교자관,최신 버전 앱,서울특별시 금천구 가산디지털1로 168,금천구
1010,순대의명가미각,최신 버전 앱,서울특별시 금천구 벚꽃로 309,금천구
1011,라시쓰커피,최신 버전 앱,서울특별시 금천구 가산디지털2로 70 대륭테크노타운 19차 104호,금천구
1012,본스치킨,최신 버전 앱,서울특별시 금천구 벚꽃로 298 대륭 포스트타워 6차,금천구
1013,와룽 마칸 보로부둘,최신 버전 앱,서울특별시 금천구 벚꽃로 278 SJ테크노빌 B1 156-3호,금천구
1014,매드포갈릭,최신 버전 앱,서울특별시 금천구 디지털로10길 9 현대시티아울렛 8F,금천구
1015,신선설농탕,최신 버전 앱,서울특별시 금천구 시흥대로 405,금천구
1016,육전국밥,최신 버전 앱,서울특별시 금천구 가산디지털2로 136,금천구
1017,라티시크릿셰프,최신 버전 앱,서울특별시 금천구 시흥대로 315 롯데캐슬골드파크타워 B1,금천구
1018,도원,최신 버전 앱,서울특별시 금천구 범안로 1130,금천구
1019,휴스시,최신 버전 앱,서울특별시 금천구 디지털로9길 46 이앤씨드림타워7차 108호,금천구
1020,치어스,최신 버전 앱,서울특별시 금천구 벚꽃로 298,금천구
1021,마라홀릭,최신 버전 앱,서울특별시 금천구 디지털로10길 69 1동 B1 G13호,금천구
1022,떡볶이랑걸레만두랑,최신 버전 앱,서울특별시 금천구 시흥대로58길 13,금천구
1023,은행골,최신 버전 앱,서울특별시 금천구 시흥대로 198 B1,금천구
1024,온초점,최신 버전 앱,서울특별시 금천구 남부순환로124길 17 1F,금천구
1025,만두라,최신 버전 앱,서울특별시 금천구 시흥대로 97 시흥유통상가 53호,금천구
1026,전주식당,최신 버전 앱,서울특별시 금천구 가산로 136,금천구
1027,뽕나무쟁이족발,최신 버전 앱,서울특별시 금천구 가산디지털1로 19 대륭테크노타운 18차 1F,금천구
1028,을지로통일집,최신 버전 앱,서울특별시 금천구 벚꽃로 286 삼성리더스타워 B1 B118-119호,금천구
1029,더제이케이키친박스,최신 버전 앱,서울특별시 금천구 가산디지털1로 145 에이스하이앤드타워3차,금천구
1030,에머이,최신 버전 앱,서울특별시 금천구 가산로9길 87 마리오아울렛1관 5F,금천구
1031,강창구찹쌀진순대,최신 버전 앱,서울특별시 금천구 가산디지털1로 131 BYC Highcity B125호,금천구
1032,하남돼지집,최신 버전 앱,서울특별시 금천구 가산디지털1로 186 제이플라츠 B1,금천구
1033,가산물갈비&백년불고기,최신 버전 앱,서울특별시 금천구 가산디지털1로 128 STX V TOWER 110호,금천구
1034,홍수계안동찜닭,최신 버전 앱,서울특별시 금천구 시흥대로 391,금천구
1035,카페구움,최신 버전 앱,서울특별시 금천구 시흥대로 315 212호,금천구
1036,미가양꼬치,최신 버전 앱,서울특별시 금천구 벚꽃로42길 5,금천구
1037,포베이,최신 버전 앱,서울특별시 금천구 벚꽃로 254 월드메르디앙벤처1차 1F,금천구
1038,쌍교숯불갈비,최신 버전 앱,서울특별시 금천구 시흥대로 435,금천구
1039,천지회관,최신 버전 앱,서울특별시 금천구 가산디지털1로 24 1F,금천구
1040,복숭아꽃살구꽃,최신 버전 앱,서울특별시 금천구 벚꽃로38길 32-53,금천구
1041,광명대창집,최신 버전 앱,서울특별시 금천구 시흥대로52길 46,금천구
1042,뜸들이다 시흥점,최신 버전 앱,서울특별시 금천구 시흥동 904-22 1층,금천구
1043,반포식스,최신 버전 앱,서울특별시 금천구 두산로 70 현대지식산업센터,금천구
1044,빅터스버거,최신 버전 앱,서울특별시 금천구 시흥대로 291 롯데캐슬골드파크3차 126호,금천구
1045,국수나무,최신 버전 앱,서울특별시 금천구 벚꽃로 40 금천롯데캐슬 골드파크 1차 상가 103호,금천구
1046,히카,최신 버전 앱,서울특별시 금천구 가산디지털2로 140,금천구
1047,시골보쌈바지락칼국수,최신 버전 앱,서울특별시 금천구 시흥대로63길 33,금천구
1048,1인자감자탕,최신 버전 앱,서울특별시 금천구 범안로 1194,금천구
1049,모나드커피로스터스,최신 버전 앱,서울특별시 금천구 금하로24길 5,금천구
1050,포베이,최신 버전 앱,서울특별시 금천구 가산디지털1로 186 제이플라츠,금천구
1051,JVL부대찌개,최신 버전 앱,서울특별시 금천구 디지털로10길 9 현대시티아울렛 가산점 7F,금천구
1052,카오룽,최신 버전 앱,서울특별시 금천구 시흥대로 291,금천구
1053,우미로드뽕전골,최신 버전 앱,서울특별시 금천구 가산디지털1로 119 SK트윈타워 B동 103호,금천구
1054,이자카야 별미,최신 버전 앱,서울특별시 금천구 금하로 713-1 2F,금천구
1055,이음 망개떡,최신 버전 앱,서울특별시 금천구 벚꽃로 40 롯데캐슬 1차상가,금천구
1056,무시칸 뼈갈비,최신 버전 앱,서울특별시 금천구 벚꽃로56길 102,금천구
1057,문래돼지불백,최신 버전 앱,서울특별시 금천구 디지털로 121 106호,금천구
1058,고기가게,최신 버전 앱,서울특별시 금천구 문성로 4 목화아파트,금천구
1059,오복닭한마리,최신 버전 앱,서울특별시 금천구 가산로 142,금천구
1060,동남집,최신 버전 앱,서울특별시 금천구 가산디지털1로 149,금천구
1061,채선당,최신 버전 앱,서울특별시 금천구 시흥대로 277,금천구
1062,셀렉티,최신 버전 앱,서울특별시 금천구 가산로7길 12,금천구
1063,스시초이,최신 버전 앱,서울특별시 금천구 가산디지털1로 165 가산비즈니스센터,금천구
1064,미미초밥,최신 버전 앱,서울특별시 금천구 시흥대로 192,금천구
1065,개성손만두,최신 버전 앱,서울특별시 금천구 가산로9길 22,금천구
1066,정통춘천닭갈비,최신 버전 앱,서울특별시 금천구 독산로50길 11,금천구
1067,니뽕내뽕,최신 버전 앱,서울특별시 금천구 디지털로10길 9 6F,금천구
1068,배스킨라빈스,최신 버전 앱,서울특별시 금천구 시흥대로 315 금천롯데캐슬 1F,금천구
1069,쑥국당,최신 버전 앱,서울특별시 금천구 독산로108길 31 ,금천구
1070,부자아줌마,최신 버전 앱,서울특별시 금천구 가산디지털1로 83,금천구
1071,카페자작나무,최신 버전 앱,서울특별시 금천구 가산로 61,금천구
1072,바지락손칼국수,최신 버전 앱,서울특별시 금천구 독산로65길 27,금천구
1073,판데오로,최신 버전 앱,서울특별시 금천구 가산디지털1로 186,금천구
1074,구뜨커피,최신 버전 앱,서울특별시 금천구 가산디지털1로 181 더블유센터 1F 112호,금천구
1075,순댕이네얼큰수제비,최신 버전 앱,서울특별시 금천구 시흥대로136길 1,금천구
1076,돼지분식,최신 버전 앱,서울특별시 금천구 가산로9길 16,금천구
1077,플레잉디오븐,최신 버전 앱,서울특별시 금천구 벚꽃로 278 sj테크노빌 B1,금천구
1078,카페로드,최신 버전 앱,서울특별시 금천구 범안로 1152 독산빌딩 2F,금천구
1079,포보스,최신 버전 앱,서울특별시 금천구 가산디지털2로 165 백상스타타워2차,금천구
1080,땡초불닭발,최신 버전 앱,서울특별시 금천구 가산로 152,금천구
1081,곱창나라,최신 버전 앱,서울특별시 금천구 가산로 144 1F,금천구
1082,꽃히다,최신 버전 앱,서울특별시 금천구 가산디지털1로 168 우림라이온스밸리 A동 2F 221호,금천구
1083,소공동뚝배기,최신 버전 앱,서울특별시 금천구 가산디지털1로 168 우림라이온스밸리,금천구
1084,식껍,최신 버전 앱,서울특별시 금천구 범안로 1138 1F,금천구
1085,모노,최신 버전 앱,서울특별시 금천구 독산로62길 30,금천구
1086,25카츠,최신 버전 앱,서울특별시 금천구 벚꽃로 298 대륭포스트타워,금천구
1087,바르미샤브샤브n칼국수,최신 버전 앱,서울특별시 금천구 벚꽃로 266 마리오아울렛,금천구
1088,귀빈순대국,최신 버전 앱,서울특별시 금천구 시흥대로 334,금천구
1089,스시천,최신 버전 앱,서울특별시 금천구 벚꽃로 298 대륭포스트타워6차 115호,금천구
1090,하나스시,최신 버전 앱,서울특별시 금천구 디지털로9길 68 대륭포스트타워5차 1F,금천구
1091,로스티드바이,최신 버전 앱,서울특별시 금천구 금하로29길 22,금천구
1092,탐나종합어시장,최신 버전 앱,서울특별시 금천구 금하로 636,금천구
1093,코야키친,최신 버전 앱,서울특별시 금천구 시흥대로 399,금천구
1094,금천골오리명가,최신 버전 앱,서울특별시 금천구 시흥대로78길 59,금천구
1095,살롱드디아망,최신 버전 앱,서울특별시 금천구 두산로 70 현대지식산업센터 A동 LF 114호,금천구
1096,흥부전놀부전,최신 버전 앱,서울특별시 금천구 남부순환로108길 30,금천구
1097,말뚝곱창,최신 버전 앱,서울특별시 금천구 독산로 341,금천구
1098,고기식당,최신 버전 앱,서울특별시 금천구 가산디지털1로 19 대륭18차,금천구
1099,고베소,최신 버전 앱,서울특별시 금천구 가산디지털1로 226,금천구
1100,김가네짜장,최신 버전 앱,서울특별시 금천구 벚꽃로 254 B102,금천구
1101,서귀포,최신 버전 앱,서울특별시 금천구 가산로 49,금천구
1102,미각양꼬치,최신 버전 앱,서울특별시 금천구 벚꽃로40길 9,금천구
1103,장수명가,최신 버전 앱,서울특별시 금천구 서부샛길 606 대성디폴리스지식산업센터,금천구
1104,꽃향기칼국수,최신 버전 앱,서울특별시 금천구 시흥대로90길 33-3,금천구
1105,올래밥상,최신 버전 앱,서울특별시 금천구 시흥대로 291 금천롯데캐슬골드파크3차 1F,금천구
1106,부산아지매국밥,최신 버전 앱,서울특별시 금천구 가산디지털1로 168 우림라이온스밸리 A동 212호,금천구
1107,리온즈펍,최신 버전 앱,서울특별시 금천구 시흥대로123길 38 1F,금천구
1108,마피아피자펍,최신 버전 앱,서울특별시 금천구 가산디지털1로 168 우림라이온스밸리 A동 B1 B106-1호,금천구
1109,소공동뚝배기,최신 버전 앱,서울특별시 금천구 벚꽃로 298 대륭포스트타워6차,금천구
1110,램투램,최신 버전 앱,서울특별시 금천구 가산디지털1로 233 에이스하이엔드9차 1F,금천구
1111,동대문털보네,최신 버전 앱,서울특별시 금천구 디지털로9길 99,금천구
1112,남문만두칼국수,최신 버전 앱,서울특별시 금천구 시흥대로 434,금천구
1113,소담칼국수,최신 버전 앱,서울특별시 금천구 가산로5길 37,금천구
1114,말뚝곱창,최신 버전 앱,서울특별시 금천구 가산디지털1로 168 우림라이온스밸리 A동 225-1호,금천구
1115,카페더즌,최신 버전 앱,서울특별시 금천구 독산로 194 영재빌딩,금천구
1116,오늘돈카츠,최신 버전 앱,서울특별시 금천구 가산디지털1로 171 가산SKV1센터 1F 103호,금천구
1117,오이시이,최신 버전 앱,서울특별시 금천구 가산로5길 77,금천구
1118,미사리밀빛초계국수,최신 버전 앱,서울특별시 금천구 가산디지털1로 131 가산하이시티,금천구
1119,옛날 닭꼬치 사골 부대찌게,최신 버전 앱,서울특별시 금천구 벚꽃로 212,금천구
1120,한솥도시락,최신 버전 앱,서울특별시 금천구 가산디지털2로 108 뉴티캐슬,금천구
1121,포보스,최신 버전 앱,서울특별시 금천구 가산디지털1로 131 BYC빌딩,금천구
1122,김치찌개집,최신 버전 앱,서울특별시 금천구 벚꽃로 40 롯데캐슬골드파크 1차상가 동문,금천구
1123,육첩반상,최신 버전 앱,서울특별시 금천구 디지털로10길 9 현대시티아울렛 6F,금천구
1124,강남찌개마을,최신 버전 앱,서울특별시 금천구 시흥대로63길 27,금천구
1125,로얄스윗,최신 버전 앱,서울특별시 금천구 벚꽃로 234 110호,금천구
1126,가산어시장,최신 버전 앱,서울특별시 금천구 벚꽃로 314,금천구
1127,더김밥,최신 버전 앱,서울특별시 금천구 벚꽃로 286 B1 122호,금천구
1128,자원방래,최신 버전 앱,서울특별시 금천구 디지털로10길 9 현대시티아울렛 7F,금천구
1129,전주식당,최신 버전 앱,서울특별시 금천구 가산로9길 12,금천구
1130,포인카츠,최신 버전 앱,서울특별시 금천구 디지털로9길 99  114호,금천구
1131,서천집쭈꾸미대구탕,최신 버전 앱,서울특별시 금천구 벚꽃로38길 42,금천구
1132,구이명가,최신 버전 앱,서울특별시 금천구 가산디지털2로 138-9,금천구
1133,바르다김선생,최신 버전 앱,서울특별시 금천구 가산디지털1로 181 113호,금천구
1134,육전면사무소,최신 버전 앱,서울특별시 금천구 벚꽃로 298 대륭포스트타워6차 B1,금천구
1135,선향정샤브샤브,최신 버전 앱,서울특별시 금천구 디지털로 188,금천구
1136,토마토김밥,최신 버전 앱,서울특별시 금천구 디지털로9길 99 스타밸리,금천구
1137,샘버거,최신 버전 앱,서울특별시 금천구 시흥대로 399 씨티렉스,금천구
1138,샐러드로,최신 버전 앱,서울특별시 금천구 두산로 70 현대지식산업센터 T-L124호,금천구
1139,청와삼대,최신 버전 앱,서울특별시 금천구 벚꽃로56길 190 호텔해담채 3F,금천구
1140,예쁜돼지,최신 버전 앱,서울특별시 금천구 가산디지털2로 138-15,금천구
1141,두꺼비식당,최신 버전 앱,서울특별시 금천구 디지털로10길 9,금천구
1142,나누다키친,최신 버전 앱,서울특별시 금천구 범안로 1138,금천구
1143,촌닭,최신 버전 앱,서울특별시 금천구 독산로 346,금천구
1144,오감부대찌개와철판볶음,최신 버전 앱,서울특별시 금천구 디지털로9길 32 갑을그레이트밸리 B1,금천구
1145,북촌삼대갈비,최신 버전 앱,서울특별시 금천구 가산로 149,금천구
1146,송탄부대찌개,최신 버전 앱,서울특별시 금천구 디지털로 130 남성프라자,금천구
1147,고향집,최신 버전 앱,서울특별시 금천구 시흥대로114길 15 1F,금천구
1148,남도분식,최신 버전 앱,서울특별시 금천구 디지털로 10길 9 현대시티아울렛 가산점 7층 남산돈까스 현대시티아울렛 가산점 7F,금천구
1149,꼬치천하,최신 버전 앱,서울특별시 금천구 시흥대로52길 51,금천구
1150,콘타이,최신 버전 앱,서울특별시 금천구 벚꽃로 266 마리오아울렛 3관 13F,금천구
1151,정든소문난순대국,최신 버전 앱,서울특별시 금천구 시흥대로123길 24,금천구
1152,샐러드박스,최신 버전 앱,서울특별시 금천구 가산디지털1로 2  우림라이온스밸리2차 118호,금천구
1153,미꼬담,최신 버전 앱,서울특별시 금천구 디지털로 10길 9 현대시티아울렛 가산점 7F,금천구
1154,멤마이,최신 버전 앱,서울특별시 금천구 디지털로 10길 9 현대시티아울렛 가산점 6F,금천구
1155,신선식탁,최신 버전 앱,서울특별시 금천구 가산디지털1로 205  1F 103호,금천구
1156,홍천참숯화로구이,최신 버전 앱,서울특별시 금천구 시흥대로63길 8 ,금천구
1157,프랑세즈과자점,최신 버전 앱,서울특별시 금천구 남부순환로 1392,금천구
1158,막회무침나라횟집,최신 버전 앱,서울특별시 금천구 시흥대로71길 40,금천구
1159,포차인닭갈비,최신 버전 앱,서울특별시 금천구 가산디지털1로 168 우림라이온스밸리 A동 지하,금천구
1160,명화곱창,최신 버전 앱,서울특별시 금천구 벚꽃로38길 5,금천구
1161,혜화동돈까스,최신 버전 앱,서울특별시 금천구 금하로5길 4 1F,금천구
1162,에그스탑,최신 버전 앱,서울특별시 금천구 가산디지털1로 171 SK V1빌딩 1F,금천구
